カードID,カード名,キャラクター名,レア度,入手方法1,入手方法2,俊敏性,攻撃力,物攻,特攻,HP,物防,特防,狂暴性,人間性,耐久性,魔性,ユニークスキル名,ユニークスキル効果,アタッカータイプ,シリーズ,属性,画像URL
1,【あえかなる想いの結実】,加賀見 昴流,SSR,ガチャ,期間限定,85,1046,1046,1046,1146,1146,1146,695,695,762,762,純白の想い / 目合いの誓い,戦闘中に2体の味方を倒した敵がいる場合、特防と物防が3/6/9/14/20%増加,特殊アタッカー,結婚,緑,https://nek0-tkdb.github.io/tools/img/subaru_mar.jpg
2,【あたたかな灯の指す方へ】,ライカ・コルト,SSR,ガチャ,期間限定,465,1228,1228,1228,965,965,965,816,816,641,641,初めてのお祭り / 新進気鋭の牽牛,TUが300以上の敵がいる時、特殊攻撃力が3/6/9/14/20%増加,特殊アタッカー,18章,青,https://nek0-tkdb.github.io/tools/img/lyca_18.jpg
10,【ガリバーの食卓】,ライカ・コルト,SSR,ガチャ,期間限定,238,896,896,896,1296,1296,1296,595,595,862,862,テーブルマナー / 吸収の早さ,戦闘参加から400TU以上経過後、物防と特防が3/6/9/14/20%増加,物理アタッカー,ハロウィン,赤,https://nek0-tkdb.github.io/tools/img/lyca_hw.jpg
11,【キミの処遇はオレ次第】,黒鷺 玲音,SSR,ガチャ,期間限定,77,941,941,941,1251,1251,1251,626,626,831,831,いい眺め♡ / 嗜虐的な笑み,HPが75%以上の時、物理攻撃力が3/6/9/14/20%増加,物理アタッカー,11章,緑,https://nek0-tkdb.github.io/tools/img/leo_11.jpg
12,【グラスが満ちる頃には】,桐崎 次郎,SSR,ガチャ,期間限定,58,926,926,926,1267,1267,1267,615,615,842,842,ドクターモデル / 怪物の愛,ポイズン状態の敵がいる時、特防と物防が3/6/9/14/20%増加,特殊アタッカー,17章,青,https://nek0-tkdb.github.io/tools/img/jiro_17.jpg
13,【サムシング・ブルー】,ライカ・コルト,SSR,ガチャ,期間限定,104,1027,1027,1027,1165,1165,1165,683,683,774,774,幸せの気配 / しょーがねーだろ,スリープ状態の敵がいる時、特殊攻撃力が3/6/9/14/20%増加,特殊アタッカー,結婚,緑,https://nek0-tkdb.github.io/tools/img/lyca_mar.jpg
14,【ジルコンの煌めき】,歩二 魁斗,SSR,ガチャ,期間限定,254,935,935,935,1257,1257,1257,621,621,836,836,弱者の歩み / 勇気の欠片,チャージ状態の時、特防と物防が3/6/9/14/20%増加,特殊アタッカー,宝石,青,https://nek0-tkdb.github.io/tools/img/kaito_jewel.jpg
3,【その手触りに魅せられて】,ロミオ・ルッチ,SSR,ガチャ,期間限定,488,1084,1084,1084,1109,1109,1109,720,720,737,737,今日のターゲット / 妥協無しの品定め,戦闘参加から400TU以上経過後、特殊攻撃力が3/6/9/14/20%増加,特殊アタッカー,休日,青,https://nek0-tkdb.github.io/tools/img/romeo_hol.jpg
4,【ただありふれた祝福を】,草薙 伯玖,SSR,ガチャ,期間限定,396,994,994,994,1198,1198,1198,661,661,796,796,悪戯めいた苦笑 / 誰が為の祝詞,戦闘中に敵を2体倒している場合、物理攻撃力が3/6/9/14/20%増加,物理アタッカー,結婚,緑,https://nek0-tkdb.github.io/tools/img/haku_mar.jpg
5,【なに見てんだよ、人間】,ライカ・コルト,SSR,ガチャ,恒常,266,1245,1245,1245,947,947,947,827,827,630,630,人と獣の狭間で / 月光に目覚めし魔性,レイジ状態の時、特殊攻撃力が3/6/9/14/20%増加,特殊アタッカー,恒常,緑,https://nek0-tkdb.github.io/tools/img/lyca01.jpg
6,【なんとなく落ち着く場所】,ライカ・コルト,SSR,ガチャ,期間限定,102,900,900,900,1292,1292,1292,598,598,858,858,少しずつの学び / そんなの余裕だし,戦闘中に敵を2体倒している場合、特防と物防が3/6/9/14/20%増加,特殊アタッカー,休日,赤,https://nek0-tkdb.github.io/tools/img/lyca_hol.jpg
15,【ハートも溶かす熱い囁き】,観月 累,SSR,ガチャ,期間限定,256,1156,1156,1156,1037,1037,1037,768,768,689,689,チョコの山 / 俺ちゃんからの愛,チャージ状態の時、特防と物防が3/6/9/14/20%増加,特殊アタッカー,チョコ,青,https://nek0-tkdb.github.io/tools/img/rui_choco.jpg
7,【はじけて消える想いの粒】,観月 累,SSR,ガチャ,期間限定,204,1168,1168,1168,1024,1024,1024,776,776,681,681,チャラい経営者 / 思いやる愛,TUが300以上の敵がいる時、物理攻撃力が3/6/9/14/20%増加,物理アタッカー,17章,緑,https://nek0-tkdb.github.io/tools/img/rui_17.jpg
8,【はみ出し者にも止り木を】,白波 蓮,SSR,ガチャ,期間限定,302,1234,1234,1234,958,958,958,820,820,637,637,窮屈な居場所 / 自分なりの距離感,戦闘参加から400TU以上経過後、物防と特防が3/6/9/14/20%増加,物理アタッカー,休日,赤,https://nek0-tkdb.github.io/tools/img/ren_hol.jpg
16,【ボクは令和の夏目漱石】,殊玉 善治,SSR,ガチャ,恒常,303,954,954,954,1239,1239,1239,634,634,823,823,このスコドン！ / 夏目漱石の再来？,レイジ状態の時、物理防御力が3/6/9/14/20%増加,物理アタッカー,恒常,青,https://nek0-tkdb.github.io/tools/img/zenji01.jpg
9,【ぼやける視線の先には】,桐崎 次郎,SSR,ガチャ,期間限定,282,1198,1198,1198,994,994,994,796,796,661,661,朝のめまい / 徹夜明けの快眠,カース状態の敵がいる時、物理攻撃力が3/6/9/14/20%増加,物理アタッカー,パジャマ,緑,https://nek0-tkdb.github.io/tools/img/jiro_pjm.jpg
67,【悪戯な笑みに誘われて】,草薙 伯玖,SSR,ガチャ,期間限定,103,918,918,918,1275,1275,1275,610,610,847,847,冗談まじり / 手先のぬくもり,戦闘参加から200TU経過まで、特防と物防が増加,特殊アタッカー,パジャマ,緑,https://nek0-tkdb.github.io/tools/img/haku_pjm.jpg
66,【悪態を鎮める火照り】,白波 蓮,SSR,ガチャ,期間限定,291,977,977,977,1215,1215,1215,649,649,808,808,のぼせた頭 / 涼風を求める視線,戦闘中に敵を2体倒している場合、特殊攻撃力増,特殊アタッカー,浴衣,赤,https://nek0-tkdb.github.io/tools/img/ren_spr.jpg
131,【悪魔からの新着通知】,黒鷺 玲音,SSR,ガチャ,鳳凰ショップ,311,1138,1138,1138,1054,1054,1054,757,757,700,700,不機嫌な悪魔 / 利用できる者,ポイズン状態の敵がいる時、特防と物防増,物理アタッカー,恒常,赤,https://nek0-tkdb.github.io/tools/img/leo01.jpg
154,【悪魔の誘惑】,黒鷺 玲音,SSR,ガチャ,期間限定,451,1199,1199,1199,993,993,993,797,797,660,660,ガムの使い手 / 悪辣なグール,TUが300以上の敵がいる時、特殊攻撃力が3/6/9/14/20%増,特殊アタッカー,誕生日,青,https://nek0-tkdb.github.io/tools/img/leo_tar.jpg
120,【闇より来たる従者】,エドワード・ハート,SSR,ガチャ,期間限定,222,963,963,963,1229,1229,1229,640,640,817,817,黒衣の従者 / 人外の気まぐれ,チャージ状態の時、特殊防御力と物理防御力増,特殊アタッカー,10章,青,https://nek0-tkdb.github.io/tools/img/edward_10.jpg
31,【医師と患者の守秘義務】,桐崎 次郎,SSR,ガチャ,期間限定,431,1054,1054,1054,1138,1138,1138,700,700,757,757,バイタル確認 / 救える命は救います,スリープ状態の敵がいる時、特防と物防が増加,物理アタッカー,日常,赤,https://nek0-tkdb.github.io/tools/img/jiro_day.jpg
121,【隠者の誘惑】,エドワード・ハート,SSR,ガチャ,期間限定,107,1060,1060,1060,1132,1132,1132,705,705,752,752,ステッキの使い手 / 惑わす,HPが50％以下の間、特殊攻撃力が増加,特殊アタッカー,誕生日,赤,https://nek0-tkdb.github.io/tools/img/edward_tar.jpg
123,【雨音をいつかの拳に重ね】,御堂 亜嵐,SSR,ガチャ,期間限定,381,1179,1179,1179,1013,1013,1013,784,784,673,673,ナゲ高の番長 / 雨の中、一人,レイジ状態の時、特殊防御力と物理防御力が増加,物理アタッカー,19章,赤,https://nek0-tkdb.github.io/tools/img/alan_19.jpg
122,【雨霞に煙る立役者】,加賀見 昴流,SSR,ガチャ,恒常,412,980,980,980,1212,1212,1212,652,652,805,805,包み込む情念 / 本心に差した傘,チャージ状態の時、特殊防御力と物理防御力増,特殊アタッカー,恒常,緑,https://nek0-tkdb.github.io/tools/img/subaru01.jpg
140,【運命の輪の誘惑】,星喰 大我,SSR,ガチャ,期間限定,411,1065,1065,1065,1127,1127,1127,708,708,749,749,機関銃の使い手 / 無法なグール,参加400TU経過後、物防と特防が増加,特殊アタッカー,誕生日,赤,https://nek0-tkdb.github.io/tools/img/taiga_tar.jpg
58,【影踊る曲芸キョンシー】,艸楽 陽,SSR,ガチャ,期間限定,106,1174,1174,1174,1018,1018,1018,780,780,676,676,逃がすか！ / グール１の機動力,HPが50％以下の間、特殊攻撃力が増加,特殊アタッカー,22章,赤,https://nek0-tkdb.github.io/tools/img/haru_22.jpg
151,【艶やかに散りゆく紅】,ロミオ・ルッチ,SSR,ガチャ,期間限定,345,1098,1098,1098,1095,1095,1095,730,730,727,727,非合法な取引 / 美貌の裏側,カース状態の敵がいる時、特防と物防が増加,物理アタッカー,8章,青,https://nek0-tkdb.github.io/tools/img/romeo08.jpg
23,【俺の座る椅子が常に王座】,冠氷 尋,SSR,ガチャ,期間限定,356,1232,1232,1232,960,960,960,819,819,638,638,希少な外出 / 隠し切れない気品,戦闘中に敵を2体倒している場合、物理攻撃力が増加,物理アタッカー,休日,緑,https://nek0-tkdb.github.io/tools/img/jin_hol.jpg
39,【夏を染める氷貴】,冠氷 尋,SSR,ガチャ,期間限定,478,1173,1173,1173,1019,1019,1019,779,779,678,678,冷淡な演奏者 / 凍てついた愛,戦闘中に敵を2体倒している場合、特防物防増,物理アタッカー,17章,青,https://nek0-tkdb.github.io/tools/img/jin_17.jpg
134,【怪異サファリにようこそ】,艸楽 陽,SSR,ガチャ,鳳凰ショップ,147,1218,1218,1218,974,974,974,810,810,647,647,怪異動物ツアー / お散歩の時間,敵2体撃破時、特殊攻撃力が増加,特殊アタッカー,恒常,赤,https://nek0-tkdb.github.io/tools/img/haru01.jpg
71,【晦冥の底に沈む】,桐崎 次郎,SSR,ガチャ,期間限定,148,1004,1004,1004,1188,1188,1188,667,667,790,790,的確な検死 / 効率的な治療,戦闘参加から200TU経過まで、特防と物防が増加,特殊アタッカー,14章,赤,https://nek0-tkdb.github.io/tools/img/jiro_14.jpg
92,【灰褐色の恋心】,観月 累,SSR,ガチャ,期間限定,439,888,888,888,1304,1304,1304,590,590,867,867,孤独な呟き / 手を取り合える者,戦闘参加から200TU経過まで、特防と物防が増加,物理アタッカー,22章,赤,https://nek0-tkdb.github.io/tools/img/rui_22.jpg
37,【噛み殺した渇望の遺物】,星喰 大我,SSR,ガチャ,期間限定,255,988,988,988,1204,1204,1204,657,657,800,800,グラッツェ～ / 悪食と悪癖,TUが300以上の敵がいる時、特防と物防が増加,物理アタッカー,8章,赤,https://nek0-tkdb.github.io/tools/img/taiga08.jpg
83,【気怠い朝光の誘惑】,星喰 大我,SSR,ガチャ,期間限定,366,932,932,932,1260,1260,1260,619,619,838,838,手前勝手な寛ぎ / 朝一の声掛け,戦闘中に敵を2体倒している場合、特殊攻撃力が増加,特殊アタッカー,温泉,青,https://nek0-tkdb.github.io/tools/img/taiga_spr.jpg
75,【朽ちた鎖に縛られ沈む】,御堂 亜嵐,SSR,ガチャ,期間限定,489,891,891,891,1301,1301,1301,592,592,865,865,復讐の果て / 囚われた心,チャージ状態の時、特防と物防が増加,特殊アタッカー,23章,緑,https://nek0-tkdb.github.io/tools/img/alan_23.jpg
22,【侠客の貴重な平穏】,磴 塔真,SSR,ガチャ,期間限定,98,1170,1170,1170,1023,1023,1023,777,777,680,680,浴衣の似合う男 / 動じぬ体躯,HPが75%以上の時、特防と物防が増加,物理アタッカー,温泉,緑,https://nek0-tkdb.github.io/tools/img/tohma_spr.jpg
56,【強欲の城は砂殿に沈む 】,星喰 大我,SSR,ガチャ,期間限定,427,897,897,897,1295,1295,1295,596,596,861,861,渇望の果て / 朽ちた心,1人で戦っている時、物理攻撃力が増加,物理アタッカー,23章,緑,https://nek0-tkdb.github.io/tools/img/taiga_23.jpg
153,【教皇の誘惑】,草薙 伯玖,SSR,ガチャ,期間限定,485,936,936,936,1256,1256,1256,622,622,835,835,篠笛の使い手 / 気さくなグール,スリープ状態の敵がいる時、特殊攻撃力が3/6/9/14/20%増,特殊アタッカー,誕生日,青,https://nek0-tkdb.github.io/tools/img/haku_tar.jpg
109,【禁断の果実は甘美に誘う】,草薙 伯玖,SSR,ガチャ,期間限定,506,1157,1157,1157,1035,1035,1035,769,769,688,688,惑わす邪 / 精一杯悪そうに,戦闘中に敵を2体倒している場合、特防物防増,物理アタッカー,21章,赤,https://nek0-tkdb.github.io/tools/img/haku_21.jpg
118,【金貨の８の誘惑】,桐崎 次郎,SSR,ガチャ,期間限定,417,1237,1237,1237,955,955,955,822,822,635,635,電動刃の使い手 / 無表情なグール,戦闘中に敵を2体倒している場合、特殊攻撃力増,特殊アタッカー,誕生日,緑,https://nek0-tkdb.github.io/tools/img/jiro_tar.jpg
139,【金貨のキングの誘惑】,ロミオ・ルッチ,SSR,ガチャ,期間限定,51,893,893,893,1300,1300,1300,593,593,864,864,狙撃銃の使い手 / 執念のグール,敵2体撃破時、特防と物防が増加,特殊アタッカー,誕生日,青,https://nek0-tkdb.github.io/tools/img/romeo_tar.jpg
147,【金貨のナイトの誘惑】,針条 律,SSR,ガチャ,期間限定,332,1101,1101,1101,1091,1091,1091,732,732,725,725,六法の使い手 / 鋼のグール,HPが50%以下の間、特殊攻撃力が増加,特殊アタッカー,誕生日,青,https://nek0-tkdb.github.io/tools/img/ritsu_tar.jpg
157,【愚者の誘惑】,歩二 魁斗,SSR,ガチャ,期間限定,252,1087,1087,1087,1106,1106,1106,722,722,735,735,弓の使い手 / 騒がしいグール,味方2体撃破した敵がいれば特攻と物防が3/6/9/14/20%増,特殊アタッカー,誕生日,緑,https://nek0-tkdb.github.io/tools/img/kaito_tar.jpg
35,【君への誓いにかけて】,ルーカス・エラント,SSR,ガチャ,期間限定,413,910,910,910,1282,1282,1282,605,605,852,852,傅く忠騎士 / 永遠の忠義,チャージ状態の時、特防と物防が増加,物理アタッカー,結婚,青,https://nek0-tkdb.github.io/tools/img/lucas_mar.jpg
91,【激情の獣の檻の中で】,星喰 大我,SSR,ガチャ,期間限定,394,1024,1024,1024,1168,1168,1168,681,681,776,776,挑発的な視線 / 剝き出しの野生,カース状態の敵がいる場合、特殊攻撃力が増加,特殊アタッカー,パジャマ,緑,https://nek0-tkdb.github.io/tools/img/taiga_pjm.jpg
149,【血染めの畏怖】,桐崎 次郎,SSR,ガチャ,期間限定,297,1005,1005,1005,1187,1187,1187,668,668,789,789,麻痺した恐怖心 / 赤い寝所,戦闘中に敵を2体倒している場合、特殊攻撃力増,特殊アタッカー,9章,緑,https://nek0-tkdb.github.io/tools/img/jiro_09.jpg
28,【剣の３の誘惑】,磴 塔真,SSR,ガチャ,期間限定,395,1038,1038,1038,1154,1154,1154,690,690,767,767,斧槍の使い手 / 片眼鏡のグール,HPが75%以上の時、特防と物防が増加,特殊アタッカー,誕生日,赤,https://nek0-tkdb.github.io/tools/img/tohma_tar.jpg
29,【剣の８の誘惑】,白波 蓮,SSR,ガチャ,期間限定,373,1106,1106,1106,1087,1087,1087,735,735,722,722,救命具の使い手 / 斜に構えたグール,戦闘参加から400TU経過後、物防と特防が増加,特殊アタッカー,誕生日,緑,https://nek0-tkdb.github.io/tools/img/ren_tar.jpg
148,【見習い執事は破天荒】,ライカ・コルト,SSR,ガチャ,期間限定,173,1151,1151,1151,1041,1041,1041,765,765,692,692,バイト慣れ / 精一杯の奉仕,戦闘中に味方2体撃破した敵がいれば物攻・特防増,物理アタッカー,10章,青,https://nek0-tkdb.github.io/tools/img/lyca_10.jpg
133,【言の葉は泡となりて】,音無 叶空,SSR,ガチャ,鳳凰ショップ,131,1099,1099,1099,1093,1093,1093,731,731,726,726,邪魔だな～ / 捕まえた♪,参加400TU経過後、物理攻撃力が増加,物理アタッカー,恒常,緑,https://nek0-tkdb.github.io/tools/img/towa01.jpg
52,【己が道を示す羅針盤】,ルーカス・エラント,SSR,ガチャ,期間限定,123,1041,1041,1041,1151,1151,1151,692,692,765,765,海上の不調 / 掟より大切なもの,ポイズン状態の敵がいる時、特防と物防が増加,物理アタッカー,20章,赤,https://nek0-tkdb.github.io/tools/img/lucas_20.jpg
60,【御神籤に訊ねる】,加賀見 昴流,SSR,ガチャ,期間限定,143,1226,1226,1226,966,966,966,815,815,642,642,澄ました笑顔 / 本日の運試し,カース状態の敵がいる時、特防と物防が増加,特殊アタッカー,休日,青,https://nek0-tkdb.github.io/tools/img/subaru_hol.jpg
24,【光弓の射手】,歩二 魁斗,SSR,ガチャ,期間限定,316,1160,1160,1160,1032,1032,1032,771,771,686,686,漢、魁斗…… / 迅雷の一矢,カース状態の敵がいる時、特防と物防が増加,物理アタッカー,13章,青,https://nek0-tkdb.github.io/tools/img/kaito_13.jpg
34,【向日葵からの祝福】,艸楽 陽,SSR,ガチャ,期間限定,476,1181,1181,1181,1012,1012,1012,785,785,672,672,ハレの日 / 立ち止まれる場所,戦闘中に敵を2体倒している場合、物理攻撃力が増加,物理アタッカー,結婚,赤,https://nek0-tkdb.github.io/tools/img/haru_mar.jpg
74,【更けゆく夜への献杯】,磴 塔真,SSR,ガチャ,期間限定,464,943,943,943,1250,1250,1250,627,627,830,830,見えぬ本心 / 王の右腕として,1人で戦っている時、特防と物防が増加,物理アタッカー,13章,青,https://nek0-tkdb.github.io/tools/img/tohma_13.jpg
103,【皇帝の誘惑】,冠氷 尋,SSR,ガチャ,期間限定,493,1032,1032,1032,1160,1160,1160,686,686,771,771,剣の使い手 / 高貴なグール,TUが300以上の敵がいる時、特防と物防が増加,特殊アタッカー,誕生日,赤,https://nek0-tkdb.github.io/tools/img/jin_tar.jpg
150,【行く川の流れに身を委ね】,草薙 伯玖,SSR,ガチャ,期間限定,416,982,982,982,1210,1210,1210,653,653,804,804,日常の満喫 / 大人のジョーク,戦闘開始から400TU経過後、物理攻撃力が増加,物理アタッカー,休日,青,https://nek0-tkdb.github.io/tools/img/haku_hol.jpg
125,【黒死降る街の救い手】,衣佐美 佑理,SSR,ガチャ,期間限定,466,1193,1193,1193,999,999,999,793,793,664,664,論文の発表 / 博識の裏側,戦闘中に敵を2体倒している場合、物理攻撃力増,物理アタッカー,14章,緑,https://nek0-tkdb.github.io/tools/img/yuri_14.jpg
124,【黒曜の葬送人】,ロミオ・ルッチ,SSR,ガチャ,期間限定,436,1195,1195,1195,998,998,998,794,794,663,663,高貴な墓守 / ヴィクトリアン,レイジ状態の時、特殊防御力と物理防御力が増加,物理アタッカー,9章,赤,https://nek0-tkdb.github.io/tools/img/romeo_09.jpg
80,【此処が地獄であろうとも】,御堂 亜嵐,SSR,ガチャ,期間限定,409,1192,1192,1192,1001,1001,1001,792,792,665,665,背負い続ける罪 / 揺らがぬ決意,カース状態の敵がいる時、特攻と特防が増加,特殊アタッカー,11章,緑,https://nek0-tkdb.github.io/tools/img/alan_11.jpg
20,【今宵は静かな屍人形】,歩二 魁斗,SSR,ガチャ,期間限定,404,952,952,952,1240,1240,1240,633,633,824,824,死んだフリ / 一流の逃げ足,戦闘参加から200TU経過するまで、特防と物防が増加,物理アタッカー,9章,赤,https://nek0-tkdb.github.io/tools/img/kaito_09.jpg
21,【今日の白衣は特別仕様】,桐崎 次郎,SSR,ガチャ,期間限定,474,1248,1248,1248,944,944,944,829,829,628,628,誓いの花束 / 二度と忘れぬ想い,戦闘中に2体の味方を倒した敵がいる場合、特防物防増,物理アタッカー,結婚,青,https://nek0-tkdb.github.io/tools/img/jiro_mar.jpg
135,【最悪に次ぐ最悪】,白波 蓮,SSR,ガチャ,鳳凰ショップ,391,1087,1087,1087,1107,1107,1107,721,721,736,736,サボりの秘訣 / 嫌だっつって,参加200TU経過まで、特防と物防が増加,特殊アタッカー,恒常,青,https://nek0-tkdb.github.io/tools/img/ren01.jpg
33,【司法こそが我が至宝】,針条 律,SSR,ガチャ,期間限定,422,951,951,951,1242,1242,1242,632,632,825,825,録音済みです / 対策が必要ですね,戦闘参加から200TU経過まで、特防と物防が増加,特殊アタッカー,8章,緑,https://nek0-tkdb.github.io/tools/img/ritsu08.jpg
51,【屍者のフィロソフィア】,殊玉 善治,SSR,ガチャ,期間限定,155,1052,1052,1052,1140,1140,1140,699,699,758,758,不死者の仮装 / 弟想い,レイジ状態の時、特殊攻撃力が増加,混合アタッカー,9章,緑,https://nek0-tkdb.github.io/tools/img/zenji_09.jpg
81,【死神の寵愛】,観月 累,SSR,ガチャ,恒常,385,996,996,996,1196,1196,1196,662,662,795,795,死神の距離感 / 別れのキス,カース状態の敵がいる時、物理攻撃力が増加,物理アタッカー,恒常,青,https://nek0-tkdb.github.io/tools/img/rui01.jpg
82,【死神の誘惑】,観月 累,SSR,ガチャ,期間限定,492,1030,1030,1030,1162,1162,1162,685,685,772,772,大鎌の使い手 / 気遣い上手なグール,TUが300以上の敵がいる時、物理攻撃力が増加,物理アタッカー,誕生日,赤,https://nek0-tkdb.github.io/tools/img/rui_tar.jpg
70,【時を越えた対話】,衣佐美 佑理,SSR,ガチャ,期間限定,315,998,998,998,1195,1195,1195,663,663,794,794,研究熱心 / 止まらない解説,戦闘中に2体の味方を倒した敵がいる場合、特防物防増,特殊アタッカー,休日,赤,https://nek0-tkdb.github.io/tools/img/yuri_hol.jpg
158,【弱者に手を差し伸べて】,ルーカス・エラント,SSR,ガチャ,期間限定,164,1204,1204,1204,988,988,988,800,800,657,657,若き英国紳士 / 危うい義侠心,HPが50%以下の時、物理攻撃力が増加,物理アタッカー,休日,赤,https://nek0-tkdb.github.io/tools/img/lucas_hol.jpg
129,【集う光の下へ】,ルーカス・エラント,SSR,ガチャ,鳳凰ショップ,264,1223,1223,1223,969,969,969,813,813,644,644,許せない悪へ / 正義の果て,1人で戦っている時、特殊攻撃力が増加,特殊アタッカー,恒常,緑,https://nek0-tkdb.github.io/tools/img/lucas01.jpg
128,【庶民派代表貴族コーデ】,歩二 魁斗,SSR,ガチャ,鳳凰ショップ,290,987,987,987,1206,1206,1206,656,656,801,801,弱者の苦悩 / ふり絞る勇気,敵2体撃破時、特防と物防が3/6/9/14/20%増,特殊アタッカー,恒常,青,https://nek0-tkdb.github.io/tools/img/kaito01.jpg
111,【笑顔煌めく波打ち際】,艸楽 陽,SSR,ガチャ,期間限定,437,1016,1016,1016,1176,1176,1176,675,675,782,782,子持ちシングル / 助け合う愛,戦闘中に2体の味方を倒した敵がいる場合、特防物防増,特殊アタッカー,17章,緑,https://nek0-tkdb.github.io/tools/img/haru_17.jpg
110,【笑声は暴雨と共に沈む 】,艸楽 陽,SSR,ガチャ,期間限定,166,894,894,894,1298,1298,1298,594,594,863,863,仮初の果て / 虚ろな心,戦闘参加から200TU経過まで、特防と物防が増加,物理アタッカー,23章,緑,https://nek0-tkdb.github.io/tools/img/haru_23.jpg
77,【杖の７の誘惑】,衣佐美 佑理,SSR,ガチャ,期間限定,138,899,899,899,1293,1293,1293,597,597,860,860,注射器の使い手 / マッドなグール,戦闘中に2体の味方を倒した敵がいる場合、特防物防増,特殊アタッカー,誕生日,赤,https://nek0-tkdb.github.io/tools/img/yuri_tar.jpg
76,【杖のペイジの誘惑】,ライカ・コルト,SSR,ガチャ,期間限定,82,1012,1012,1012,1181,1181,1181,672,672,785,785,鉤爪の使い手 / 本能で動くグール,戦闘参加から400TU以上経過後、物理攻撃力が増加,物理アタッカー,誕生日,緑,https://nek0-tkdb.github.io/tools/img/lyca_tar.jpg
95,【燭台に揺らめく影細工】,観月 累,SSR,ガチャ,期間限定,387,1124,1124,1124,1068,1068,1068,747,747,710,710,伊達メ着用 / 一流執事ムーブ,カース状態の敵がいる時、特攻と物防が増加,特殊アタッカー,10章,緑,https://nek0-tkdb.github.io/tools/img/rui_10.jpg
138,【色なき心を見つめて沈む】,エドワード・ハート,SSR,ガチャ,期間限定,81,930,930,930,1262,1262,1262,618,618,839,839,隠遁の果て / 褪せた心,敵2体撃破時、特防と物防が増加,物理アタッカー,24章,緑,https://nek0-tkdb.github.io/tools/img/edward_24.jpg
62,【心に触れる花束を】,観月 累,SSR,ガチャ,期間限定,234,994,994,994,1198,1198,1198,661,661,796,796,描いた未来 / 幸せの形,戦闘中に敵を2体倒している場合、特防物防増,特殊アタッカー,結婚,赤,https://nek0-tkdb.github.io/tools/img/rui_mar.jpg
61,【心に秘めた願い】,殊玉 善治,SSR,ガチャ,期間限定,353,1063,1063,1063,1129,1129,1129,707,707,750,750,短冊のトリビア / 飲み込んだ言葉,カース状態の敵がいる時、特攻と特防が増加,特殊アタッカー,18章,青,https://nek0-tkdb.github.io/tools/img/zenji_18.jpg
63,【心の裂け目をなぞる指】,冠氷 尋,SSR,ガチャ,期間限定,78,966,966,966,1226,1226,1226,642,642,815,815,リムジンの送迎 / 冠氷財閥の御曹司,戦闘中に敵を2体倒している場合、特殊攻撃力増,特殊アタッカー,13章,緑,https://nek0-tkdb.github.io/tools/img/jin_13.jpg
64,【心を掌握する瞳】,草薙 伯玖,SSR,ガチャ,期間限定,454,1051,1051,1051,1142,1142,1142,698,698,759,759,驚かし役 / からかい上手,TUが300以上の敵がいる時、特殊攻撃力が増加,特殊アタッカー,15章,緑,https://nek0-tkdb.github.io/tools/img/haku_15.jpg
88,【深世界の原風景】,歩二 魁斗,SSR,ガチャ,期間限定,196,1154,1154,1154,1038,1038,1038,767,767,690,690,欠けた自信 / 瞳に映すもの,戦闘中に敵を2体倒している場合、物理攻撃力増,物理アタッカー,20章,緑,https://nek0-tkdb.github.io/tools/img/kaito_20.jpg
130,【真実なら奪い獲るまで】,御堂 亜嵐,SSR,ガチャ,鳳凰ショップ,163,1115,1115,1115,1077,1077,1077,741,741,716,716,筋が通らねえ / 復讐の拳,スリープ状態の敵がいる時、物理攻撃力増,物理アタッカー,恒常,緑,https://nek0-tkdb.github.io/tools/img/alan01.jpg
107,【真実を覗くオペラグラス】,針条 律,SSR,ガチャ,期間限定,402,913,913,913,1279,1279,1279,607,607,850,850,意識の高い趣味 / 知識としての教養,戦闘参加から200TU経過まで能力増加,物理アタッカー,休日,緑,https://nek0-tkdb.github.io/tools/img/ritsu_hol.jpg
105,【真夜中のグランギニョル】,黒鷺 玲音,SSR,ガチャ,期間限定,421,1131,1131,1131,1062,1062,1062,751,751,706,706,掌の上 / 翻弄する策士,レイジ状態の時、特殊攻撃力が増加,特殊アタッカー,ハロウィン,緑,https://nek0-tkdb.github.io/tools/img/leo_hw.jpg
106,【真夜中の怪異公】,エドワード・ハート,SSR,ガチャ,恒常,407,1074,1074,1074,1118,1118,1118,714,714,743,743,妖しい誘惑 / 人の理の外,HPが50%以下の時、物理攻撃力が増加,物理アタッカー,恒常,赤,https://nek0-tkdb.github.io/tools/img/edward01.jpg
141,【進路は王の気の向くまま】,冠氷 尋,SSR,ガチャ,期間限定,475,949,949,949,1243,1243,1243,631,631,826,826,ヨットの操縦 / 二手三手先,カース状態の敵がいる時、特防と物防が増加,物理アタッカー,20章,緑,https://nek0-tkdb.github.io/tools/img/jin_20.jpg
36,【吹き溜まりの楽園にて】,灰園 翔平,SSR,ガチャ,期間限定,246,1162,1162,1162,1030,1030,1030,772,772,685,685,屋上での昼食 / ヒエラルキー上位,レイジ状態の時、特防と物防が増加,特殊アタッカー,19章,青,https://nek0-tkdb.github.io/tools/img/shohei_19.jpg
18,【世界に一つの花言葉】,音無 叶空,SSR,ガチャ,期間限定,175,904,904,904,1289,1289,1289,601,601,856,856,運命の人 / 二人の愛言葉,カース状態の敵がいる時、特防と物防が増加,物理アタッカー,結婚,緑,https://nek0-tkdb.github.io/tools/img/towa_mar.jpg
69,【星と想いは波の随に】,加賀見 昴流,SSR,ガチャ,期間限定,388,890,890,890,1303,1303,1303,591,591,866,866,本殿への舟守 / 静謐なる牽牛,戦闘中に2体の味方を倒した敵がいる場合、特防物防増,物理アタッカー,18章,赤,https://nek0-tkdb.github.io/tools/img/subaru_18.jpg
79,【正義の棲む晶洞】,ルーカス・エラント,SSR,ガチャ,期間限定,308,1035,1035,1035,1157,1157,1157,688,688,769,769,ポリグロット / 守るための剣,レイジ状態の時、特防と物防が増加,特殊アタッカー,13章,青,https://nek0-tkdb.github.io/tools/img/lucas_13.jpg
100,【生かすも殺すも僕次第】,衣佐美 佑理,SSR,ガチャ,恒常,334,1116,1116,1116,1076,1076,1076,742,742,715,715,危険な探求心 / 怪異医学の先駆者,戦闘中に敵を2体倒している場合、特防物防増,特殊アタッカー,恒常,青,https://nek0-tkdb.github.io/tools/img/yuri01.jpg
115,【聖域への立ち入り許可】,白波 蓮,SSR,ガチャ,期間限定,336,1135,1135,1135,1057,1057,1057,754,754,702,702,Ｂ級映画好き / 休息充電中,HPが50%以下の間、特殊攻撃力が増加,特殊アタッカー,パジャマ,青,https://nek0-tkdb.github.io/tools/img/ren_pjm.jpg
142,【聖杯の８の誘惑】,灰園 翔平,SSR,ガチャ,期間限定,213,905,905,905,1287,1287,1287,602,602,855,855,バイクの乗り手 / 料理上手,チャージ状態の時、特防と物防が増加,特殊アタッカー,誕生日,赤,https://nek0-tkdb.github.io/tools/img/shohei_tar.jpg
116,【聖杯のキングの誘惑】,加賀見 昴流,SSR,ガチャ,期間限定,372,1029,1029,1029,1163,1163,1163,684,684,773,773,番傘の使い手 / 淑やかなグール,レイジ状態の時、特殊防御力と物理防御力が増加,物理アタッカー,誕生日,緑,https://nek0-tkdb.github.io/tools/img/subaru_tar.jpg
117,【聖杯のナイトの誘惑】,殊玉 善治,SSR,ガチャ,期間限定,472,915,915,915,1278,1278,1278,608,608,849,849,人形の使い手 / 弾き語るグール,カース状態の敵がいる時、特防と物防が増加,物理アタッカー,誕生日,緑,https://nek0-tkdb.github.io/tools/img/zenji_tar.jpg
38,【声なき嘆きの中に沈む】,加賀見 昴流,SSR,ガチャ,期間限定,261,1129,1129,1129,1063,1063,1063,750,750,707,707,秘密の果て / 歪めた心,チャージ状態の時、物理攻撃力が増加,物理アタッカー,24章,青,https://nek0-tkdb.github.io/tools/img/subaru_24.jpg
137,【積み上げてきた富と罪】,ロミオ・ルッチ,SSR,ガチャ,鳳凰ショップ,306,1235,1235,1235,957,957,957,821,821,636,636,俺の奢りだよ！ / 超B・Tじゃん,レイジ状態の時、物理防御力が増加,物理アタッカー,恒常,緑,https://nek0-tkdb.github.io/tools/img/romeo01.jpg
155,【戦車の誘惑】,ルーカス・エラント,SSR,ガチャ,期間限定,346,886,886,886,1306,1306,1306,589,589,868,868,双剣の使い手 / 弱者を守る,チャージ状態の時、特防と物防が3/6/9/14/20%増加,特殊アタッカー,誕生日,緑,https://nek0-tkdb.github.io/tools/img/lucas_tar.jpg
25,【全ての黒を眩き白に】,針条 律,SSR,ガチャ,恒常,174,1221,1221,1221,971,971,971,812,812,645,645,無罪の約束 / 誰にも裁かせません,カース状態の敵がいる時、物理攻撃力が増加,物理アタッカー,恒常,赤,https://nek0-tkdb.github.io/tools/img/ritsu01.jpg
112,【素敵なサムシング探訪記】,殊玉 善治,SSR,ガチャ,期間限定,363,1220,1220,1220,972,972,972,811,811,646,646,取材紀行 / 見返り美男子,HPが50%以下の間、特殊攻撃力が増加,特殊アタッカー,休日,赤,https://nek0-tkdb.github.io/tools/img/zenji_hol.jpg
126,【創られし笑顔】,磴 塔真,SSR,ガチャ,鳳凰ショップ,322,1231,1231,1231,962,962,962,818,818,639,639,飲み下す秘策 / 形振り構わず,レイジ時、特殊攻撃力が3/6/9/14/20%増加,特殊アタッカー,恒常,青,https://nek0-tkdb.github.io/tools/img/tohma01.jpg
48,【太陽の誘惑】,艸楽 陽,SSR,ガチャ,期間限定,153,1163,1163,1163,1029,1029,1029,773,773,684,684,清掃用具の使い手 / 陽気なグール,ポイズン状態の敵がいる時、物理攻撃力が増加,物理アタッカー,誕生日,青,https://nek0-tkdb.github.io/tools/img/haru_tar.jpg
59,【待ち伏せた鏡の中で】,磴 塔真,SSR,ガチャ,期間限定,184,1214,1214,1214,979,979,979,806,806,650,650,私生活は謎 / 誘う微笑,戦闘中に敵を2体倒している場合、特殊攻撃力増,特殊アタッカー,休日,赤,https://nek0-tkdb.github.io/tools/img/tohma_hol.jpg
145,【誰かを幸せにする実験】,衣佐美 佑理,SSR,ガチャ,期間限定,59,1037,1037,1037,1156,1156,1156,689,689,768,768,隠せない緊張 / 赤面の告白,戦闘参加から200TU経過まで、特防と物防が増加,物理アタッカー,結婚,青,https://nek0-tkdb.github.io/tools/img/yur_mar.jpg
144,【誰が為の彦星】,音無 叶空,SSR,ガチャ,期間限定,62,927,927,927,1265,1265,1265,616,616,841,841,天の川への憧れ / 牽牛,戦闘中に2体の味方を倒した敵がいる場合、物攻増,物理アタッカー,18章,青,https://nek0-tkdb.github.io/tools/img/towa_18.jpg
57,【弾けるポップな夜遊びを】,艸楽 陽,SSR,ガチャ,期間限定,495,972,972,972,1220,1220,1220,646,646,811,811,ノンデリカシー / 元気のおすそ分け,チャージ状態の時、物理攻撃力が増加,物理アタッカー,休日,緑,https://nek0-tkdb.github.io/tools/img/haru_hol.jpg
101,【男身一つ、露天参り】,御堂 亜嵐,SSR,ガチャ,期間限定,286,1070,1070,1070,1123,1123,1123,711,711,746,746,鍛えた身体 / ひとっ風呂浴びるか,カース状態の敵がいる時、物理攻撃力が増加,物理アタッカー,温泉,赤,https://nek0-tkdb.github.io/tools/img/alan_spr.jpg
156,【挑め望まぬアウトドア】,白波 蓮,SSR,ガチャ,期間限定,262,1007,1007,1007,1185,1185,1185,669,669,788,788,強制労働 / パワハラっすか,1人で戦っている時、物理攻撃力が3/6/9/14/20%増加,物理アタッカー,12章,緑,https://nek0-tkdb.github.io/tools/img/ren_12.jpg
90,【潮風に映ゆる美貌】,ロミオ・ルッチ,SSR,ガチャ,期間限定,133,1015,1015,1015,1178,1178,1178,674,674,783,783,フィーコの休息 / 行きつけのリゾート地,戦闘中に2体の味方を倒した敵がいる場合、物理攻撃力増,物理アタッカー,水着,緑,https://nek0-tkdb.github.io/tools/img/romeo_swim.jpg
119,【鉄格子の中の狂犬】,星喰 大我,SSR,ガチャ,期間限定,398,1146,1146,1146,1046,1046,1046,762,762,695,695,拘束具と口枷 / 境目,HPが75%以上の時、特殊防御力と物理防御力増,物理アタッカー,21章,青,https://nek0-tkdb.github.io/tools/img/taiga_21.jpg
127,【凍てついた暴君】,冠氷 尋,SSR,ガチャ,鳳凰ショップ,317,1240,1240,1240,952,952,952,824,824,633,633,王の声 / 跪け！,HP50%以下時、物理攻撃力が3/6/9/14/20%増,物理アタッカー,恒常,青,https://nek0-tkdb.github.io/tools/img/jin01.jpg
26,【凍れる王子に雪解けを】,冠氷 尋,SSR,ガチャ,期間限定,101,1104,1104,1104,1088,1088,1088,734,734,723,723,溶けない氷 / 零下の慈愛,戦闘参加から400TU経過後、物防と特防が増加,特殊アタッカー,結婚,赤,https://nek0-tkdb.github.io/tools/img/jin_mar.jpg
143,【踏み締めた静寂の音】,観月 累,SSR,ガチャ,期間限定,251,985,985,985,1207,1207,1207,655,655,802,802,睡眠不要 / 素肌に触れるもの,カース状態の敵がいる時、特防と物防が増加,特殊アタッカー,水着,青,https://nek0-tkdb.github.io/tools/img/rui_swim.jpg
97,【特別メニューはただ甘く】,灰園 翔平,SSR,ガチャ,期間限定,442,962,962,962,1231,1231,1231,639,639,818,818,からかう横顔 / もらい慣れ,ポイズン状態の敵がいる時、特防と物防が増加,物理アタッカー,チョコ,赤,https://nek0-tkdb.github.io/tools/img/shohei_choco.jpg
98,【独奏は静かに凍り付き】,冠氷 尋,SSR,ガチャ,期間限定,487,902,902,902,1290,1290,1290,600,600,857,857,凍った指先 / 心から消えない旋律,チャージ状態の時、物理攻撃力が増加,物理アタッカー,日常,赤,https://nek0-tkdb.github.io/tools/img/jin_daily.jpg
49,【奈落に咲く花】,加賀見 昴流,SSR,ガチャ,期間限定,112,1217,1217,1217,976,976,976,809,809,648,648,隠れた趣味 / 迫真の芝居,HPが50%以下の間、特殊攻撃力が増加,特殊アタッカー,15章,青,https://nek0-tkdb.github.io/tools/img/subaru_15.jpg
19,【二度とは言わない一言】,白波 蓮,SSR,ガチャ,期間限定,298,908,908,908,1284,1284,1284,604,604,853,853,ヒール役 / ひねくれた愛,スリープ状態の敵がいる時、特防と物防が増加,物理アタッカー,17章,赤,https://nek0-tkdb.github.io/tools/img/ren_17.jpg
94,【熱を鎮める強炭酸】,灰園 翔平,SSR,ガチャ,期間限定,458,1026,1026,1026,1167,1167,1167,682,682,775,775,湯上りの一杯 / 悪戯めいた気遣い,レイジ状態の時、物理攻撃力が増加,物理アタッカー,温泉,緑,https://nek0-tkdb.github.io/tools/img/shohei_spr.jpg
86,【波音は静かに心を打つ】,磴 塔真,SSR,ガチャ,期間限定,73,921,921,921,1271,1271,1271,612,612,845,845,暗夜行路 / 船上に荒れる斧槍,チャージ状態の時、物理攻撃力が増加,物理アタッカー,20章,緑,https://nek0-tkdb.github.io/tools/img/tohma_20.jpg
32,【博徒は欲望のままに】,星喰 大我,SSR,ガチャ,恒常,110,1127,1127,1127,1065,1065,1065,749,749,708,708,黙って失せろ / 食われてぇんだろ？,戦闘中に敵を2体倒している場合、物理攻撃力が増加,物理アタッカー,恒常,青,https://nek0-tkdb.github.io/tools/img/taiga01.jpg
102,【白き魔王の寝所】,音無 叶空,SSR,ガチャ,期間限定,463,1023,1023,1023,1170,1170,1170,680,680,777,777,無言の圧 / 嵐の夜の騒動,戦闘参加から200TU経過まで、特防と物防が増加,特殊アタッカー,ハロウィン,赤,https://nek0-tkdb.github.io/tools/img/towa_hw.jpg
85,【氷菓が恋で溶ける前に】,歩二 魁斗,SSR,ガチャ,期間限定,217,1040,1040,1040,1152,1152,1152,691,691,766,766,他愛のない日常 / 流行りのスイーツ,HP75%以上の時、特殊攻撃力が増加,特殊アタッカー,休日,赤,https://nek0-tkdb.github.io/tools/img/kaito_hol.jpg
84,【氷皇の素顔】,冠氷 尋,SSR,ガチャ,期間限定,355,1123,1123,1123,1070,1070,1070,746,746,711,711,王の日常 / 防音の内側,戦闘開始から400TU経過後、物防と特防が増加,特殊アタッカー,パジャマ,青,https://nek0-tkdb.github.io/tools/img/jin_pjm.jpg
17,【不思議の牧場の案内人】,艸楽 陽,SSR,ガチャ,期間限定,408,947,947,947,1245,1245,1245,630,630,827,827,客引きトーク / 口八丁手八丁,戦闘参加から200TU経過するまで、特防と物防が増加,特殊アタッカー,12章,青,https://nek0-tkdb.github.io/tools/img/haru_12.jpg
87,【浮ついた顔が隠せずに】,白波 蓮,SSR,ガチャ,期間限定,111,944,944,944,1248,1248,1248,628,628,829,829,言葉とは裏腹 / 無愛想な幸せ,チャージ状態の時、特防と物防が増加,物理アタッカー,結婚,青,https://nek0-tkdb.github.io/tools/img/ren_mar.jpg
96,【物語に幸せな結末を】,殊玉 善治,SSR,ガチャ,期間限定,118,1049,1049,1049,1143,1143,1143,697,697,760,760,夢物語 / めでたし、めでたし,TUが300以上の敵がいる時、特防と物防が増加,特殊アタッカー,結婚,青,https://nek0-tkdb.github.io/tools/img/zenji_mar.jpg
53,【平穏に爪先を浸して】,加賀見 昴流,SSR,ガチャ,期間限定,93,1079,1079,1079,1113,1113,1113,717,717,740,740,控え目なお誘い / 一緒に、どうかな？,ポイズン状態の敵がいる時、特防と物防が増加,物理アタッカー,温泉,赤,https://nek0-tkdb.github.io/tools/img/subaru_spr.jpg
72,【暮れ提灯の晩酌】,草薙 伯玖,SSR,ガチャ,期間限定,424,1196,1196,1196,996,996,996,795,795,662,662,温泉日和 / 秘湯の気分転換,チャージ状態の時、物理攻撃力と特殊防御力が増加,物理アタッカー,温泉,赤,https://nek0-tkdb.github.io/tools/img/haku_spr.jpg
73,【暴虎大我の勇】,星喰 大我,SSR,ガチャ,期間限定,202,1215,1215,1215,977,977,977,808,808,649,649,無法者 / その行動の意味,スリープ状態の敵がいる時、物理攻撃力が増加,物理アタッカー,16章,赤,https://nek0-tkdb.github.io/tools/img/taiga_16.jpg
108,【眠らぬ白肌にお仕置きを】,磴 塔真,SSR,ガチャ,期間限定,319,971,971,971,1221,1221,1221,645,645,812,812,お化けより怖い / 白い包帯,戦闘参加から200TU経過まで、特防と物防が増加,特殊アタッカー,ハロウィン,青,https://nek0-tkdb.github.io/tools/img/tohma_hw.jpg
93,【無秩序に刺激的な色を】,黒鷺 玲音,SSR,ガチャ,期間限定,503,907,907,907,1286,1286,1286,603,603,854,854,学級崩壊 / テストは学年１位,チャージ状態の時、特防と物防が増加,物理アタッカー,19章,赤,https://nek0-tkdb.github.io/tools/img/leo_19.jpg
68,【明鏡止水に落ちる影】,針条 律,SSR,ガチャ,期間限定,477,1188,1188,1188,1004,1004,1004,790,790,667,667,情報収集 / シノストラの参謀,チャージ状態の時、特防と物防が増加,特殊アタッカー,16章,赤,https://nek0-tkdb.github.io/tools/img/ritsu_16.jpg
104,【目覚めた怪物】,桐崎 次郎,SSR,ガチャ,恒常,444,974,974,974,1218,1218,1218,647,647,810,810,寡黙な怪物 / 痛みを物ともせず,戦闘参加から200TU経過まで、特防と物防が増加,物理アタッカー,恒常,赤,https://nek0-tkdb.github.io/tools/img/jiro01.jpg
42,【夜に彩づく静かな紅】,桐崎 次郎,SSR,ガチャ,期間限定,481,1077,1077,1077,1115,1115,1115,716,716,741,741,湯に拘り無し / 人目憚らぬ着替え,TUが300以上の敵がいる時、特防と物防が増加,物理アタッカー,温泉,青,https://nek0-tkdb.github.io/tools/img/jiro_spr.jpg
136,【夜の帳を足元に】,黒鷺 玲音,SSR,ガチャ,期間限定,158,1113,1113,1113,1079,1079,1079,740,740,717,717,見下す笑顔 / 興味抱けば一心不乱,カース状態の敵がいる時、特攻と特防増,特殊アタッカー,休日,青,https://nek0-tkdb.github.io/tools/img/leo_hol.jpg
43,【夜を染める狭い個室】,エドワード・ハート,SSR,ガチャ,期間限定,92,938,938,938,1254,1254,1254,623,623,834,834,いけない子だ / 今宵限りの秘密,カース状態の敵がいる時、特防と物防が増加,物理アタッカー,パジャマ,緑,https://nek0-tkdb.github.io/tools/img/edward_pjm.jpg
47,【夜空に咲かせ、大輪の花】,音無 叶空,SSR,ガチャ,期間限定,359,960,960,960,1232,1232,1232,638,638,819,819,見て見て～！ / 空をこえて,戦闘中に敵を2体倒している場合、特防物防増,物理アタッカー,休日,緑,https://nek0-tkdb.github.io/tools/img/towa_hol.jpg
44,【夜景を溶かしたカクテル】,灰園 翔平,SSR,ガチャ,期間限定,265,1073,1073,1073,1120,1120,1120,713,713,744,744,乾杯、なんてな / 特別な夜遊び,カース状態の敵がいる時、物理攻撃力が増加,物理アタッカー,休日,緑,https://nek0-tkdb.github.io/tools/img/shohei_hol.jpg
46,【夜毎語らう夢の罠】,エドワード・ハート,SSR,ガチャ,期間限定,228,1142,1142,1142,1051,1051,1051,759,759,698,698,哲学者の言葉 / 永遠の愛,チャージ状態の時、物理攻撃力が増加,物理アタッカー,17章,青,https://nek0-tkdb.github.io/tools/img/edward_17.jpg
45,【夜来の雨とはぐれ妖】,エドワード・ハート,SSR,ガチャ,期間限定,272,1206,1206,1206,987,987,987,801,801,656,656,夜の誘い / 人外のカリスマ,チャージ状態の時、特殊攻撃力が増加,特殊アタッカー,休日,緑,https://nek0-tkdb.github.io/tools/img/edward_hol.jpg
54,【幽けき光に照らされて】,音無 叶空,SSR,ガチャ,期間限定,154,1184,1184,1184,1008,1008,1008,787,787,670,670,折れた角 / 秘めた願い,レイジ状態の時、特防と物防が増加,特殊アタッカー,12章,青,https://nek0-tkdb.github.io/tools/img/towa_12.jpg
146,【遊惰な草枕】,エドワード・ハート,SSR,ガチャ,期間限定,426,1001,1001,1001,1192,1192,1192,665,665,792,792,客間で我が物顔 / 溶ける魔香,スリープ状態の敵がいる時、特防と物防が増加,特殊アタッカー,温泉,赤,https://nek0-tkdb.github.io/tools/img/edward_spr.jpg
40,【夕闇迫る黒鉄の下で】,御堂 亜嵐,SSR,ガチャ,期間限定,484,968,968,968,1224,1224,1224,643,643,814,814,一匹狼 / 不器用な優しさ,チャージ状態の時、特殊攻撃力が増加,特殊アタッカー,休日,青,https://nek0-tkdb.github.io/tools/img/alan_hol.jpg
41,【夕風は王の頬を撫で】,冠氷 尋,SSR,ガチャ,期間限定,88,957,957,957,1235,1235,1235,636,636,821,821,貸切旅行 / 高貴な横顔,戦闘中に敵を2体倒している場合、物理攻撃力増,物理アタッカー,温泉,赤,https://nek0-tkdb.github.io/tools/img/jin_spr.jpg
132,【余裕系男子】,灰園 翔平,SSR,ガチャ,鳳凰ショップ,401,1068,1068,1068,1124,1124,1124,710,710,747,747,退屈な夜遊び / 人知れずの迷い,HP50%以下の間、特殊攻撃力が増加,特殊アタッカー,恒常,緑,https://nek0-tkdb.github.io/tools/img/shohei01.jpg
50,【妖怪道中殊玉絵巻】,殊玉 善治,SSR,ガチャ,期間限定,482,1019,1019,1019,1173,1173,1173,678,678,779,779,怖がりなお化け / 彼岸の住人,TUが300以上の敵がいる時、特防と物防が増加,物理アタッカー,15章,赤,https://nek0-tkdb.github.io/tools/img/zenji_15.jpg
89,【溶けぬ氷を抱いて沈む】,冠氷 尋,SSR,ガチャ,期間限定,459,1167,1167,1167,1026,1026,1026,775,775,682,682,不信の果て / 閉ざした心,ポイズン状態の敵がいる時、特防と物防が増加,特殊アタッカー,23章,青,https://nek0-tkdb.github.io/tools/img/jin_23.jpg
78,【欲望渦巻くこの街で】,星喰 大我,SSR,ガチャ,期間限定,491,1203,1203,1203,990,990,990,799,799,658,658,夜を喰らう / 不夜城の首領,戦闘中に敵を2体倒している場合、特防物防が増加,特殊アタッカー,休日,緑,https://nek0-tkdb.github.io/tools/img/taiga_hol.jpg
99,【理想の灯は灰に沈む】,衣佐美 佑理,SSR,ガチャ,期間限定,455,1140,1140,1140,1052,1052,1052,758,758,699,699,過信の果て / 癒えぬ心,レイジ状態の時、特防と物防が増加,物理アタッカー,24章,緑,https://nek0-tkdb.github.io/tools/img/yuri_24.jpg
30,【力の誘惑】,御堂 亜嵐,SSR,ガチャ,期間限定,462,916,916,916,1276,1276,1276,609,609,848,848,鉄管の使い手 / 硬派なグール,カース状態の敵がいる時、特防と物防が増加,特殊アタッカー,誕生日,青,https://nek0-tkdb.github.io/tools/img/alan_tar.jpg
65,【恋人の誘惑】,音無 叶空,SSR,ガチャ,期間限定,392,1044,1044,1044,1148,1148,1148,694,694,763,763,泡沫の使い手 / 幻想的なグール,カース状態の敵がいる場合、特殊攻撃力が増加,特殊アタッカー,誕生日,赤,https://nek0-tkdb.github.io/tools/img/towa_tar.jpg
27,【凛と咲く風待草の如く】,ロミオ・ルッチ,SSR,ガチャ,期間限定,192,1010,1010,1010,1182,1182,1182,671,671,786,786,美肌効果 / デトックス旅行,戦闘開始から400TU経過後、特殊攻撃力が増加,特殊アタッカー,温泉,緑,https://nek0-tkdb.github.io/tools/img/romeo_spr.jpg
113,【綽々たるプリズナー】,灰園 翔平,SSR,ガチャ,期間限定,447,1176,1176,1176,1016,1016,1016,782,782,675,675,損な役回り / 俺には俺のやり方,レイジ状態の時、特殊防御力と物理防御力が増加,物理アタッカー,11章,青,https://nek0-tkdb.github.io/tools/img/shohei_11.jpg
114,【翡翠の間にて玉衣靡かせ】,ロミオ・ルッチ,SSR,ガチャ,期間限定,486,911,911,911,1281,1281,1281,606,606,851,851,裏取引 / 使役者への叛逆,カース状態の敵がいる時、特防と物防が増加,特殊アタッカー,16章,赤,https://nek0-tkdb.github.io/tools/img/romeo_16.jpg
152,【諧謔趣味の若神主】,草薙 伯玖,SSR,ガチャ,鳳凰ショップ,221,965,965,965,1228,1228,1228,641,641,816,816,神楽囃子の篠笛 / 処世術,チャージ状態の時、特防と物防が増加,特殊アタッカー,恒常,赤,https://nek0-tkdb.github.io/tools/img/haku01.jpg