カテゴリ,キーワード,タイトル,内容,優先度
ホーム画面,ホーム|ホームキャラ|キャラ配置|セリフ|ボイス,ホームキャラについて,ホーム画面には自分の好きなキャラクターを配置できます。時間帯や季節に応じて様々なセリフを呟きます。親密度が上昇するたびに新たなボイスも解放されます。配置したキャラの服装や背景を変更したり、お気に入りのキャラカードのイラストをホーム画面に設定することも可能です。,3
ホーム画面,受取BOX|受け取り|報酬|一括受け取り,受取BOXについて,受け取りBOXにはゲーム内で受け取ったアイテムの一部などが保管されています。各メールを開封することで受け取れるほか、画面下部の「一括受け取り」ボタンで一度にまとめて回収することも可能です。,2
ホーム画面,学園Lv|学園レベル|プレイヤーレベル,学園Lv.について,学園Lv.は「東京ディバンカー」におけるプレイヤーのレベルです。学園Lv.を上げることで、より強い装備をキャラクターに装着することが可能になるなど、ゲームを有利に進める上で様々な恩恵を受けられます。,3
学園Lv,学園経験値|経験値|レベルアップ|合宿,学園経験値の獲得方法,学園経験値は時間経過とともに溜まります。銀河鉄道の到達ステージや学園における各教室の解放数・Lv.に応じて、同じ時間で得られる量が変化します。また、学園で合宿を行うことにより、消費したチケット・ダイヤ分に応じた学園経験値を一瞬で獲得できます。,3
ギルド,ギルド|役職|盟主|副盟主|軍師|外交役|指南役|メンバー,ギルドの役職について,ギルドには6つの役職が存在します。盟主はギルド員の除名や役職設定が可能（1人）、副盟主は軍師と外交役の権限を持つ（2人まで）、軍師は掲示板編集やお知らせ送信（1人）、外交役はギルド管理と外部連絡（1人）、指南役はにゃんこウォーズの班順番並び替え（複数人可）、メンバーは特別な権限なし。,3
ギルド,盟主交代|引継ぎ|ログイン,盟主の交代について,盟主が一定期間ログインしていない場合、各ギルド員は役職に応じて自身を新たな盟主に任命できます。副盟主は3日以上、軍師・外交役は4日以上、指南役は5日以上、メンバーは6日以上ログインがない場合に可能です。,2
ギルド,ギルド参加|申請|ギルド作成,ギルドの参加方法,既存ギルドに参加する方法と新規作成する方法の2通りがあります。既存ギルドは「参加」で即座に、「申請」で承認後に参加できます。ワールドチャットで募集情報も確認できます。新規作成はダイヤ300個を消費し、ギルド名は後から変更できません。,3
ギルド,ギルド退会|ペナルティ|クールダウン,ギルドの退会方法とペナルティ,ギルド詳細画面またはプロフィール画面の「退会」ボタンから退会できます。ペナルティとして、最後の退会から24時間はにゃんこウォーズに参加不可、開催中のマップが終了するまで参加不可、退会5回以上で別ギルドに入るまで15時間のクールダウンが発生します（同じギルドに1ヶ月以上滞在でリセット）。,2
ギルド,ギルドレベル|ギルド経験値|メンバー上限,ギルドレベルについて,ギルドに所属できるメンバー上限人数はギルドレベルで決まります。ギルド経験値を貯めることで上昇します。ギルド経験値は「ギルドログイン」と「星くずの釣り場での釣り」で獲得できます。,3
ギルド,ギルドログイン|ギルドメダル|ログイン報酬,ギルドログインとギルドメダル,1日1回、ギルドへの初回ログインでギルド経験値の他、コインと「ギルドメダル」を獲得できます。ギルドメダルは一定数集めることで特定のアイテムに交換できます。他に「星くずの釣り場での釣り」「銀河鉄道の怪異事件（1日1回）」「闘技場で勝利」「合宿（ダイヤ消費時）」でも獲得可能です。,2
ギルド,ギルド詳細|最低戦力|役職変更,ギルド詳細画面について,ギルドホーム画面左上のアイコンから進める「ギルド詳細」画面では、最低戦力の設定（盟主のみ）、役職の変更（盟主のみ）、ギルドの退会ができます。,2
ギルド,ギルドチャット|チャット,ギルドチャットについて,チャット画面の「ギルド」タブを選択するとギルドチャットを見ることができます。ギルドチャットはギルド員のみが閲覧でき、他のギルドのギルド員やギルドに所属していないプレイヤーは見ることができません。,2
ギルド,ギルド報酬|ダイヤ配布,ギルド報酬について,毎日1回、盟主・副盟主・外交役のいずれか一人が、ギルド員に対してダイヤを配布することができます。,2
ギルド,星くずの釣り場|釣り|怪異魚|水槽,星くずの釣り場について,ギルドに参加すると1日1回「星くずの釣り場」で釣りを行えます。釣った怪異魚は水槽に入れられ、泳ぎ姿を眺められます。また、怪異魚のレアリティに応じた様々な報酬を獲得でき、一定のギルド経験値も所属ギルドに加算されます。,2
ギルド,怪異猫|不思議な猫|猫|お土産|写真,不思議な猫たちについて,怪異魚の水槽に怪異魚がいる状態でしばらく経つと、水槽の前に怪異猫が集まってきます。初めての怪異猫を写真に収めると学園から報酬がもらえます。また、怪異猫は水槽の前に来るたびお土産として様々なアイテムを置いて行ってくれます。希少な怪異魚がいるほど珍しい怪異猫が集まります。怪異猫がいなくなる際に水槽内の怪異魚も同時に消えますが理由は不明です。新しいギルドに入った際、参加前にそのギルドが獲得済みだった怪異猫に会うことはできません。,2
ギルド,理事長いいね|貢献度|ランキング|にゃんこウォーズ,理事長いいねについて,「理事長いいね」は各ギルド員がどれくらいギルドの活動に貢献しているかを示す指標です。獲得数は「にゃんこウォーズ」開始時の拠点所有数や毎日の宣戦布告可能な拠点数に影響します。獲得数はサーバー内でランキングされ、毎日リセットされます。合宿（ダイヤ消費）で20いいね、銀河鉄道の怪異事件勝利/調査で各10いいね、闘技場勝利で5いいねを獲得できます。,3
にゃんこウォーズ,にゃんこウォーズ|拠点|占領|マップ|戦争,にゃんこウォーズの基本ルール,ギルド同士が同じマップで拠点を奪い合うゲームです。たくさん拠点を獲得することでより多くの報酬がもらえます。マップには3種類の拠点（Lv.1、Lv.2、Lv.3）が存在し、5種類のマップが2週間ごとに切り替わります。,3
にゃんこウォーズ,開催時刻|フェーズ|開幕|戦略|開戦準備|決戦,にゃんこウォーズの開催時刻,開幕フェーズ（0:00-8:00）、戦略フェーズ（8:00-20:00）、開戦準備フェーズ（20:00-21:00）、決戦フェーズ（21:00-21:45）の4つのフェーズがあります。各フェーズで行える行動が異なります。各マップの開始日時やローテーションのスケジュールは全サーバー共通です。,3
にゃんこウォーズ,参加条件|ランキング|16位|理事長いいね,にゃんこウォーズの参加条件,開催当日0時の時点で、理事長いいねの獲得数において上位16位までのギルドが参加できます。理事長いいねの獲得数は毎日0時にリセットされます。ギルドを退会したプレイヤーは、最後の退会から24時間は「にゃんこウォーズ」に参加できません。,3
にゃんこウォーズ,開幕フェーズ|宣戦布告権|ランキング,開幕フェーズについて,0:00-8:00の時間帯です。理事長いいね獲得数の上位16ギルドが宣戦布告の権利を得ます。1-8位のギルドは2つ、9-16位のギルドは1つの拠点に宣戦布告できます。マップ開始日の場合、理事長いいねランキング上位のギルドから順にLv.1の拠点がランダムに2つずつ割り当てられます。,2
にゃんこウォーズ,戦略フェーズ|宣戦布告|防衛班|配置,戦略フェーズについて,8:00-20:00の時間帯です。各ギルドが占領したい拠点へ宣戦布告を行います。宣戦布告はこのフェーズにしか行えず、一度行うと取り消せません。既に拠点を占領しているギルドはその拠点と隣接する拠点にしか宣戦布告できません。拠点を所有していないギルドは好きなLv.1の拠点に宣戦布告できます。Lv.2拠点には拠点を1つ以上占領、Lv.3拠点にはLv.2拠点1つ以上またはLv.1拠点2つ以上の占領が必要です。他のギルドが既に宣戦布告している拠点には宣戦布告できません。このフェーズ以降、既に占領済みの拠点へ防衛班を配置できますが、一度配置した防衛班の変更や配置解除はできません。8:00以降に行った班編成への変更、およびキャラクターや装備などの強化は、当日の戦略フェーズ中には表示上反映されません。,3
にゃんこウォーズ,開戦準備フェーズ|強化固定,開戦準備フェーズについて,20:00-21:00の時間帯です。8:00以降に行ったキャラクターおよび装備の強化や変更内容は、19:45-20:00の間に固定されます。キャラクターの強化および班編制の変更に関する情報は、当日の7:45-8:00および19:45-20:00の間に2回保存されます。以降、強化や変更を行っても当日の戦闘には反映されません。,2
にゃんこウォーズ,決戦フェーズ|戦闘|攻撃班|防衛班|占領|保護期間,決戦フェーズについて,21:00-21:45の時間帯です。21:00になると宣戦布告した拠点へ攻撃班を配置できます。各班は2回ずつ戦闘に参加できます。戦闘開始時、攻撃班側には50TUのアドバンテージが与えられます。防衛班が全滅すると攻撃側が拠点を占領します。占領された拠点は15分間の保護期間に入り、その後元の所有ギルドが攻め返すことができます。奪還に成功した場合、当日中その拠点は他のギルドによって攻撃されなくなります。役職のあるプレイヤーは防衛班の順番を入れ替えることができますが、先頭から3番目までの防衛班の順番は入れ替えられません。,3
にゃんこウォーズ,戦闘|オート|HP回復|弱体化|引き分け,戦闘について,戦闘はオートで進み、勝利した班はHPが回復した状態で次の班との戦闘を開始します。ただし勝利した班のステータスには、その勝利数に比例して弱体化していきます。各拠点の攻防において重要な転換点となった戦闘はハイライトとして保存され、後ほど動画で確認できます。引き分けの場合は守備側の勝利とみなされます。,2
にゃんこウォーズ,ポイント|ランキング|拠点Lv,ポイントとランキング,決戦フェーズの終了後、各ギルドには占領している拠点の数に応じてポイントが与えられます。Lv.1は1ポイント、Lv.2は2ポイント、Lv.3は3ポイントです。このポイントの多寡に応じて、当マップにおける各ギルドのランキングが変動します。獲得ポイントが同数の場合、前日の理事長いいねのランキングに応じてギルドが順位付けされます。,2
にゃんこウォーズ,報酬|占領報酬|マップ報酬,にゃんこウォーズの報酬,決戦フェーズ終了時に占領していた拠点の数とレベルに応じて毎日「占領報酬」が配られます。マップ終了時には各ギルドの獲得ポイント数に応じたランキングが確定し「マップ報酬」が配られます（最終日の決戦フェーズ後）。報酬を獲得するには、自身の防衛班を拠点に配置するか攻撃班を戦闘に参加させる必要があります（攻撃班に配置しても戦闘に参加しなかった場合は獲得不可）。,3
任務,任務|デイリー任務|ウィークリー任務,任務について,任務には「デイリー任務」と「ウィークリー任務」の2種類があります。各任務をクリアすると、対応した報酬を獲得できます。,2
ガチャ,ガチャ|召喚|10連ガチャ,ガチャについて,ガチャは「召喚」とも呼ばれ、新しいキャラカードや魔除けの絵札を獲得するための主要な方法です。ガチャにはダイヤや特定のチケットが必要です。10連ガチャでは必ずSR以上が1枚確定します。,3
占い猫の館,占い猫の館|金運|ダイヤボーナス|増量,占い猫の館について,ダイヤショップで次回購入時にもらえるダイヤの量が、水晶玉に表示されている%分増量します。このボーナスは初回2倍ボーナスが適用されている場合、次回購入時に繰り越されます。出現確率はボーナス40%が3%、45%が3%、50%が32%、55%が32%、60%が10%、65%が5%、70%が5%、75%が5%、80%が5%です。,2
Mr.モグの金脈,Mr.モグの金脈|金塊|銀塊|銅塊|SSR装備,Mr.モグの金脈について,ダイヤを消費して「銀塊・銅塊」を確率で入手できるイベントです。一定量集めると対応するレアリティの装備と交換できます。累計参加回数に応じて「金塊」も獲得可能です。金塊と交換できるSSR装備は非常に強力です。各レアリティの塊は装備のレベルアップにも必要です。累計回数は画面左上の「終了」のタイミングでリセットされます。,2
三日月ガチャ,三日月ガチャ|月の絵具|絵札強化,三日月ガチャについて,ダイヤを消費して「月の絵具」を含む各種アイテムを確率で入手できるイベントです。月の絵具はR以上の魔除けの絵札をレベルアップする際に必要なアイテムで、ガチャの累計参加回数に応じた報酬としても獲得可能です。累計参加回数は画面左上の「終了」のタイミングでリセットされます。,2
守護霊,守護霊|たまご購入チケット|たまご温めクン|守護霊ショップ,守護霊について,守護霊は「守護霊ショップ」で獲得できる怪異です。各キャラカードに3体まで装着でき、対応するステータスを上昇させます。獲得には「たまご購入チケット」と「たまご温めクン」が必要です。まずたまご購入チケットでたまごを購入し、たまご温めクンでたまごを孵化または進化させます。たまごが孵化するか進化するか、また最終的にどの守護霊が生まれるかはランダムです。進化は最大2回起こる可能性があり、進化数が多いほど強力な守護霊が生まれます。,3
守護霊,守護霊レベル|合成|守護霊強化,守護霊のレベルと合成,生まれたばかりの守護霊はLv.1です。別の守護霊と合成することでレベルを上げられます。レベルを上げると付加ステータスの値も上昇します。既にLvUp済みの守護霊を合成した場合、合成元の所持経験値が全て合成先へ引き継がれ、合成元はLv.1に戻ります。合成のために消費したLv.1の守護霊はいなくなります。,2
キャラ,キャラカード|レアリティ|R|SR|SSR|戦闘,キャラカードについて,キャラカードを所有していると、そのキャラクターを戦闘に参加させたり、学園の教室に配置したりできます。R・SR・SSRの三種類のレアリティが存在し、レアリティが高いほどステータスの成長上限が上がり、特定の行動への参加時に得られる収益が増加します。,3
キャラ,覚醒|願いの結晶|重複|ステータス,キャラカードの覚醒,2枚以降の重複したキャラカードは「願いの結晶」に変換されます。この結晶を消費してカードを覚醒させることができます。覚醒すると各ステータスが上昇し、ユニークスキルも強化されます。また学園での教室配置や合宿参加時に得られるマネーの量が増加します。,3
キャラ,ユニークスキル|スキル|戦闘|覚醒,ユニークスキルについて,各キャラカードが持つ「ユニークスキル」は、そのキャラカードに戦闘で有利になる様々な恩恵をもたらします。ユニークスキルの内容は、そのキャラの覚醒を重ねることにどんどんと強化されます。,2
キャラ,レベルアップ|経験の果実|限界突破|限界突破の果実,キャラカードのレベルアップ,キャラカードは「経験の果実」を消費してレベルアップできます。レベルが上がると基礎ステータスが上がります。上限値に達したら「限界突破の果実」を使用して限界突破を行う必要があります。限界突破の果実は貴重なアイテムなので使いどころに注意してください。,3
キャラ,潜在能力|開発プラン|能力薬|ダイヤ,潜在能力の強化,「開発プラン」を行うとカードの潜在能力を高めることができ、基礎ステータスが上昇します。開発プランには「能力薬」またはダイヤが必要です。開発プランC（能力薬C）、開発プランB（能力薬B）、開発プランA（能力薬A）、開発プランS（ダイヤ）があります。,2
装備,魔除けの絵札|絵札|属性|赤|青|緑,魔除けの絵札について,魔除けの絵札は装着することでキャラカードのステータスを飛躍的に強化できる装備です。各絵札は赤・青・緑のいずれか1つの属性を持ち、キャラカードは自身に対応する属性の絵札しか装着できません。絵札もキャラと同様に覚醒が可能で、覚醒数を重ねることでステータス付与値が増加します。,3
装備,メイン装備|指輪|ネックレス|イヤリング,メイン装備について,メイン装備は装着することでキャラカードのステータスを強化できる装備です。指輪・ネックレス・イヤリングの3種類があり、各キャラカードは自身に対応している1種類のみ装着できます。A・B・C・D・E、そしてSSR・SR・Rのレアリティが存在し、R以上はレベルアップが可能でLv.100を超えて強化も可能です（怪異の論文が必要）。各キャラに装着できるのは現在の学園Lv.+Lv.10以内の装備のみです。,3
装備,サブ装備|香水|ブローチ,サブ装備について,サブ装備には香水・ブローチの2種類があり、基本的な特性はメイン装備と同じですが、属性を問わず全てのキャラに共通して装着できます。,2
装備,装備レベル|怪異の論文|月の絵具|怪異の宝玉,装備のレベルアップ,魔除けの絵札はLv.100まで、Lv.15ずつ区切りでレベルアップします。レベルアップには一定量のコインが必要で、Lv.55以降は「月の絵具」も必要です。特定の絵札は「怪異の宝玉」で進化しLv.100を超えてレベルアップ可能です。Lv.100以降はLv.5ずつ行われ、Lv.105以降は銀河鉄道でドロップする「怪異の論文」が必要です。怪異の論文は装備の種類とレベルに応じたものが要求されます。各キャラに装着できるのは現在の学園Lv.+Lv.10以内の装備のみです。メイン・サブ装備もR以上はレベルアップ可能で、Lv.55以降は各レアリティに応じた金塊・銀塊・銅塊が必要です。,3
装備,魔力ランク|魔力強化の粉|魔力強化の金粉,魔力ランクの強化,魔除けの絵札とSSR-Rのメイン・サブ装備は魔力ランクを強化することで付加ステータスを上昇させられます。「魔力強化の粉」を消費し、一定のランクからは「魔力強化の金粉」も要求されます。各装備の魔力ランクは現在の学園Lv.と同じ値までしか上げられません。,2
装備,賢者の祝福|魔王の祝福|賢者の小瓶|魔王の光|魔王のプリズム,賢者の祝福と魔王の祝福,魔除けの絵札とSSR-Rのメイン・サブ装備は、賢者の祝福・魔王の祝福と呼ばれるステータスを上げることが可能です。各Lv.を上げると付加ステータスが上昇します。賢者の祝福Lv.の上昇には「賢者の小瓶」が必要です。魔王の祝福Lv.の上昇には「魔王の光」と「魔王のプリズム」の2種類が必要です。,2
装備,継承システム|継承|ステータス移行,継承システムについて,魔除けの絵札とメイン・サブ装備は、魔力ランク・賢者の祝福Lv.・魔王の祝福Lv.を別の装備へと移し替える（継承させる）ことが可能です。装備の詳細画面で「変更」ボタンを押し、変更先となる装備を選択した際のポップアップで使用できます。どのステータスを継承させるかは任意で選択可能で、継承の回数に上限はありません。継承を行った場合、継承元となったステータスは一度も強化されていない状態に戻ります。一度も強化されていないステータスを継承元に選ぶことはできず、既に一度でも強化されているステータスを継承先に選ぶこともできません。絵札・装備のレベルおよび強化の回数を継承させることはできません。,2
装備,リセット|アイテム返還|記憶の絵具,リセットについて,魔除けの絵札・装備の詳細画面で「リセット」を行うと、魔力ランク・賢者の祝福Lv.・魔王の祝福Lv.の上昇に用いたアイテムが全て返還されます。この時、これらのステータスは全て初期状態に戻りますが、装備はLv.を戻すことができません。魔除けの絵札に限り、リセット確認画面の「Lv.をリセット」にチェックを入れることでLv.もリセットされます。リセット後、Lv.の上昇に用いた各種アイテム（論文・怪異の宝玉含む）が返還されますが、「月の絵具」は同じ絵札の再強化にのみ使用できる「記憶の絵具」として返還されます。再強化時、「記憶の絵具」は「月の絵具」と合算され、「月の絵具」のアイコンで表示されます。この際に再強化を行うと、必ず「記憶の絵具」が優先して消費されます。,2
装備,装備売却|売却|金塊|魔王の光,装備の売却について,所持しているメイン・サブ装備は売却可能です。AからE、R、SRの装備は売却すると一定量の魔王の光に変換されます（AからEはコインも獲得）。SSRの装備は、その装備の作成に用いた数と同量の金塊および怪異の宝玉が返還されます。ただし返還される金塊は通常の金塊と異なり、新たな装備との交換に用いることはできず、売却した装備と同種のSSR装備の強化にのみ使用できます。魔力ランク・賢者の祝福Lv.・魔王の祝福Lv.の上昇に用いたアイテムも全て返還されます。売却した装備は永久に失われます。,2
装備,リンクボーナス|特定装備,リンクボーナスについて,特定の魔除けの絵札を対応するキャラカードに装着することで、「リンクボーナス」と呼ばれる追加の付加ステータスが解放されることがあります。,2
装備,セットボーナス|装備セット,セットボーナスについて,特定の組み合わせの魔除けの絵札・メイン装備・サブ装備を1人のキャラに装着することで、その装着数に応じた「セットボーナス」と呼ばれる追加の付加ステータスが解放されます。セットボーナスを発動できるのは、R以上の魔除けの絵札・メイン装備・サブ装備のみです。,2
装備,魔石|魔石の欠片|魔石合成,魔石について,各絵札・装備には「魔石」と呼ばれる装備を装着できます。一つの絵札・装備に装着できる魔石は最大3つです。装着すると、魔石それぞれが持つ付加ステータスが絵札・装備の付加ステータスに上乗せされます。魔石は各所でドロップするほか、「魔石の欠片」と交換しても入手できます。魔石にはレベルが存在し、同種類の魔石同士を合成することで高められます。合成を行った場合、合成に用いた魔石をすべて失う代わりに、対応したレベルの魔石を一つ入手します。レベルの高い魔石ほど、付加ステータスの値も高くなります。,2
ステータス,戦闘ステータス|HP|攻撃力|物理攻撃力|物理防御力|特殊攻撃力|特殊防御力|俊敏性,戦闘ステータスについて,戦闘ステータスは、キャラカードの戦闘時のダメージ計算に用いられるステータスです。HP（0になると戦闘不能）、攻撃力（全ての攻撃のダメージ量に影響）、物理攻撃力（物理攻撃のダメージ量に影響）、物理防御力（物理攻撃の被ダメージ量に影響）、特殊攻撃力（特殊攻撃のダメージ量に影響）、特殊防御力（特殊攻撃の被ダメージ量に影響）、俊敏性（戦闘参加直後の行動順に影響）の7項目があります。,3
ステータス,基礎ステータス|狂暴性|耐久性|人間性|原性,基礎ステータスについて,基礎ステータスは、キャラカードの各戦闘ステータスの値に影響及ぼすステータスです。狂暴性（攻撃力と物理攻撃力が高くなる）、耐久性（HPと物理防御力が高くなる）、人間性（攻撃力と特殊攻撃力が高くなる）、原性（HPと特殊防御力が高くなる）の4項目があります。,2
戦闘用語,ユニット|キャラクター|モンスター,ユニットについて,戦闘に参加しているキャラ・もしくはモンスターを指します。,1
戦闘用語,TU|ターン|行動順,TUについて,ユニットの次の行動ターンまでの時間を表す単位です。各ターン終了後、TUが最も低いユニットが0TUになるまで全ユニットのTUが進み、0TUとなったユニットのターンとなります。ユニットがそのターンにアクティブスキルを使用した後、そのユニットのTUは、使用したアクティブスキルのTUコスト分増加します。,2
戦闘用語,MP|マジックポイント|スキル,MPについて,強力なスキルを発動するために必要なポイントで、各スキルを発動する際に消費されます。ユニットがこれらのスキルを発動するのに十分なMPを持っていない場合、MPをチャージするスキルのみ使用できます。各ユニットは4MPの状態でバトルを開始し、10MP以上を保持することはできません。,2
戦闘用語,スピリット|特殊ポイント,スピリットについて,戦闘中の各班は、MPの代わりに、あるいはMPに加えて、特定のスキルを発動するために必要となるスピリットを保持しています。スピリットはバトル中に増加し、10を超えることはありません。,2
戦闘用語,物理攻撃|特殊攻撃|防御力,物理攻撃と特殊攻撃について,アクティブスキルによる攻撃は、ユニットの物理攻撃力か特殊攻撃力を参照して計算されてダメージを与えます。攻撃ダメージを受けたユニットは、それぞれの物理防御力または特殊防御力の多寡に応じてダメージを軽減します。,2
戦闘用語,属性|有利属性|赤|青|緑,属性について,各ユニットには3つの属性のうちの1つが割り当てられています。ユニットは、自身が得意とする属性に対峙した際、より多くのダメージを与え、より少ないダメージを受けます。青は赤を、赤は緑を、緑は青を得意とします。,2
戦闘用語,俊敏性|開始時TU|行動順,俊敏性と戦闘開始について,俊敏性は、戦闘開始時、または増援から戦闘に参加した際の各ユニットの開始時TUに影響します。俊敏性が高ければ高いほど、ユニットの最初の行動ターンが早くなります。,2
ケミストリー,ケミストリー|ケミストリーボーナス|覚醒|ステータスボーナス,ケミストリーについて,最大まで覚醒させた特定のキャラカード・魔除けの絵札を所持していると、その組み合わせによって「ケミストリー」が解放されることがあります。ケミストリーが解放されると一定量の報酬を獲得できるほか、所有する全キャラカードのステータスに「ケミストリーボーナス」と呼ばれる付加値が追加されます。ケミストリーボーナスは全ての戦闘において反映されます。ケミストリーボーナスは強力なので、たくさんのカードを覚醒させ、より多くのケミストリーを解放することが推奨されます。,2
学園,学園の発展|教室|サボり場|オブジェクト,学園の発展について,学園には「教室」「サボり場」「オブジェクト」と呼ばれる3種類の建物を建てることができます。各々の建物はレベルアップすることができ、レベルを上げることによって学園をより効率よく発展させていくことができます。,3
学園,教室|マネー|学園経験値|キャラ配置,教室について,教室はLv.に応じた「学園経験値」と「マネー」を生産します。各教室にはキャラクターカードを配置することができ、そのレアリティと覚醒数に応じてマネーの生産効率が上がります。ただし、各キャラクターにつき配置できるカードは一種類のみで、教室が異なる場合でも同一キャラクターのカードを2枚以上配置することはできません。,2
学園,サボり場|IP|インスピレーションポイント,サボり場について,サボり場はLv.に応じた「IP」を生産します。IPは各教室のレポートをレベルアップするために必要となるポイントです。,2
学園,オブジェクト|ステータスアップ,オブジェクトについて,オブジェクトはLv.に応じて各キャラクターのステータスを上昇させます。,2
学園,マネー|建物レベルアップ|通貨,マネーについて,教室が生産するマネーは、建物をレベルアップしたり、新たな建物を建てたりするのに必要となる通貨です。マネーを獲得した際は、貯めるよりも各施設のレベルアップへ継続的に投資し続けた方が、より効率的に箱庭を発展させていくことができます。,2
学園,IP|レポート|レベルアップ,IPとレポートについて,サボり場によって生産されるIP（インスピレーションポイント）は、各教室のレポートをレベルアップするために必要となるポイントです。各教室の解放と同時に、それぞれに対応したレポートがレベルアップできるようになります。レポートをレベルアップすることにより、各教室のマネーの生産効率が上がります。,2
学園,バルーンネコ|マネー,バルーンネコについて,学園の上空には時折「バルーンネコ」と呼ばれる怪異が出現します。タップすると大量のマネーを落とすので、見つけたら必ずタップしましょう。,2
学園,キャラ会話|会話|親密度|報酬,キャラ会話について,キャラの頭上に出現している「…」の吹き出しをタップすると、そのキャラの特別な会話を聞くことができます。会話を聞き終えると報酬が付与され、そのキャラの親密度が上昇します。また、会話はキャラごとに複数の種類が存在します。,2
ボーナスカレンダー,ボーナスカレンダー|曜日|コイン|学園経験値|魔王の光|合宿チケット,ボーナスカレンダーについて,"一週間の内、特定の曜日には獲得できる経験値やアイテムの量にボーナスが加算されます。ボーナス内容：2xコイン（獲得コインが2倍、キャンパスの通常時と合宿時に適用）、2.5x学園経験値（獲得学園経験値が2.5倍、キャンパスの通常時と合宿時に適用）、1.5x学園経験値（獲得学園経験値が1.5倍、キャンパスの通常時と合宿時に適用）、2x合宿：コイン&学園経験値（合宿で獲得できるコインと学園経験値が2倍、キャンパスの通常獲得量には適用なし）、2x魔王の光（獲得魔王の光が2倍、キャンパスの通常時と合宿時に適用）、2x合宿：チケット使用上限（一日に使用できる合宿チケットの上限が2倍）。",3
銀河鉄道,銀河鉄道|怪異事件|ステージ|チーム編成,銀河鉄道について,生徒たちは銀河鉄道に乗って夜の東京に繰り出し「怪異事件」の解決に取り組みます。怪異事件には1から200までのステージが存在し、こなせばこなすほど攻略の難易度も上昇していきます。怪異事件には「チーム」画面で編成した班で挑みます。困難な怪異事件に挑む際には、強力なキャラと装備を揃えて万全の準備を整えましょう。,3
銀河鉄道,クリア報酬|初回報酬|マネー,クリア報酬について,各怪異事件を始めてクリアすると、装備やキャラ等の強化に必要となる素材など、一定量の報酬をもらうことができます。また、怪異事件30までは学園で使えるマネーも支給されます。,2
銀河鉄道,調査|ドロップ|調査パス|調査回数,調査について,一度クリアした怪異事件では「調査」を行うことが可能です。調査を行うと、キャラ・装備の強化用素材や銀河の落とし物などを獲得できます。調査を行う怪異事件によって、ドロップするアイテムの種類や量も変わります。一定の怪異事件以降では、たまご購入チケットや装備をLv.105以上に強化するための「怪異の論文」など、より貴重なアイテムもドロップするようになります。1日の調査可能回数は、日付が変わるごとに3回まで回復します。この調査可能回数は「調査パス」やダイヤを消費して増やすこともできます。,3
銀河鉄道,ボーナスステージ|猫|報酬,ボーナスステージについて,怪異事件攻略中「ボーナスステージ」が出現することもあります。ボーナスステージが開始したら、猫が角を曲がるポイントに合わせてタイミングよく画面をタップしましょう。無事に猫が目的地まで到達すると豪華な報酬を獲得できます。目的地までたどり着けなかった場合でも、次の怪異事件へ進むことができます。一度プレイしたボーナスステージは後から何度でも再挑戦可能です。,2
闘技場,闘技場|順位|挑戦|PvP,闘技場について,闘技場は、プレイヤー同士が育成したキャラたちを戦わせ順位を競う場所です。各プレイヤーは自分より高い順位のプレイヤーに挑戦することができ、挑戦者側のプレイヤーが勝利すると両者の順位が入れ替わります。日付が変わるごとに、1日の挑戦可能回数が5回まで回復します。この挑戦可能回数はダイヤを使って増やすことも可能です。,3
闘技場,闘技場報酬|ファイトメダル|デイリー報酬,闘技場の報酬について,闘技場で挑戦を行うと、勝敗に応じて報酬を受け取ることができます。その他、各プレイヤーには毎日21:00に当日のランキングに応じた報酬が配布されます。ここで得られる「ファイトメダル」は交換所で特定のアイテムに交換することができます。,2
コロシアム,コロシアム|クロスワールド|トロフィー|シーズン,コロシアムについて,コロシアムは、同じクロスワールドに属するサーバーのプレイヤー同士で競い合う闘技場です。毎日21:00時点で各サーバーの闘技場順位が100位以内のプレイヤーのみ、翌21:00まで挑戦可能です。毎日21:00-22:00の間、コロシアムは閉場します。戦闘ルールは通常の闘技場と同じです。順位確定時刻も通常の闘技場と同じ21:00で、同時刻に「デイリー報酬」として毎日、この時点の順位に応じた報酬の「トロフィー」が配布されます。また、毎週火曜22:00-月曜21:00を1シーズンとし、このシーズンごとの区切りでも順位に応じた「シーズン報酬」が配られます（シーズン報酬の配布時刻は月曜21:00）。,3
コロシアム,所持ポイント|勝利|敗北|ボーナスポイント|連勝,所持ポイントについて,順位は各プレイヤーの所持ポイント数で決定します。シーズン開始直後の所持ポイントは500で、このポイントは以下の条件によって増減します：挑戦して勝利（通常）+20、挑戦して敗北+10、挑戦されて勝利+0、挑戦されて敗北-10。挑戦して勝利時に以下の条件に合致した際にはさらにボーナスポイントが加算されます：自分よりも所持ポイントが60pt以上多いプレイヤーに勝利、「挑戦して勝利」「挑戦されて勝利」の連続記録（連勝記録）を更新。連勝ボーナスは3回目以降より適用され、「挑戦して敗北」もしくは「挑戦されて敗北」した時点でリセットされます。,2
コロシアム,称号|ランクバッジ|ダイヤモンド|プラチナ|ゴールド|シルバー|ブロンズ|スチール,称号について,各プレイヤーには所持ポイント数に応じた以下のランクバッジが与えられます：1700pt以上…ダイヤモンド、1500-1699pt…プラチナ、1200-1499pt…ゴールド、900-1199pt…シルバー、550-899pt…ブロンズ、0-549pt…スチール。,2
コロシアム,挑戦回数|挑戦権|ダイヤ,コロシアムの挑戦回数について,各プレイヤーには一日10回の挑戦権が付与されます。この挑戦権は毎日0:00にリセットされ、またダイヤを消費することで1日5回まで追加で挑戦権を購入することができます。挑戦権の残数は翌日には持ち越されず、リセット時に10回に戻ります。,2
合宿,合宿|パスチケット|ダイヤ|学園経験値,合宿について,学園では毎日、一定回数の合宿を行うことができます。合宿を行うためにはパスチケットかダイヤが必要です。合宿を行うと実行した時間分の学園経験値を一瞬で獲得できます。これに加えて一定量のマネー・IPも獲得できるため、合宿をたくさん行うほど学園の発展を効率よく進めることができます。,3
合宿,パスチケット|2時間|5時間|10時間,パスチケットによる合宿,パスチケットには2時間・5時間・10時間の3種類のレアリティがあり、貴重なパスチケットを使用した時ほどより多くの収益を獲得することができます。パスチケットは時間ごとに複数枚まとめて使用可能です。普段は1日5枚までしか使用できませんが、特定の曜日には1日10枚まで使用可能です。,2
合宿,ダイヤ合宿|VIPレベル|回数制限,ダイヤによる合宿,ダイヤによる合宿の1日の実行可能回数はVIPレベルの上昇に応じて増えていきます。回数を重ねることにダイヤの消費量が増えていきますが、日付が変わるとリセットされます。,2
合宿,合宿収益|マネー|IP|計算,合宿で得られる収益,"合宿では、使用したパスチケットの種類・ダイヤの量に応じて、学園経験値、マネー、IPを獲得できます。複数回分のパスチケット・ダイヤを同時に使用した場合は、1回ごとに収益の計算を行い、その収益を利用して施設を最大限レベルアップした状態の想定生産量をもって、次のチケットの収益の計算を行います。そのため、各プレイヤーはチケットを1枚ずつ使わずとも、常に現在滞在する怪異事件で得られる学園経験値の量をもって、最大効率で計算された収益を受け取ることが可能です。",2
合宿,合宿参加者|レアリティ|覚醒|親密度,合宿の参加者について,カードとして所持しているキャラクターの中から合宿の参加者を選ぶことができます。ただし、カードが異なる場合でも同一キャラクターを重複して参加者に選ぶことはできません。参加させたキャラクターのカードのレアリティが高い、また覚醒数が多いほど合宿で得られる収益も増加します。さらに、合宿を終えると参加したキャラクターの親密度も上昇します。,2
チーム編成,戦力|総戦力|チーム戦力,戦力について,「戦力」とは各キャラカードが持つ戦闘能力を数値化した値です。「総戦力」は現在所有する全てのキャラクターの戦力を合計した値です。このチーム編制画面上に表示されている戦力は「チーム戦力」であり、各書に登録されているキャラクターのみの戦力を合計した値です。戦力は、キャラカードのステータスを強化したり装備や守護霊などを装着させたりすることによって上昇していきます。ただし、各キャラカードの戦力はあくまでも学園が暫定的に算出した値であり、例えば闘技場などにおいてより合計戦力が高い班が低い班に敗北することも十分にあり得ます。過信しすぎは禁物ですが、彼らのミッション遂行能力を測る上で大変重要な数値となるので、チーム編制や育成の際にはぜひとも参考にしてください。,2
チーム編成,班|班編成|お任せ|第1班,班について,プレイヤーはバトルの準備として、所有するキャラカードを最大6名の「班」に振り分ける必要があります。この振り分けはチーム画面下部の「お任せ」ボタンを押すことにより、自動で行うこともできます。班に振り分けたキャラクターたちは第1班から順に戦闘に参加していきます。編制できる班の数は所持キャラカード数に応じて増加します（最大20班まで）。班編制が戦闘の結果を左右することもあります。どうしても勝てなくなった際は配置の見直しも行いましょう。,2
チーム編成,データ|班編制保存|呼び出し,データについて,チーム画面では、複数の班編制を「データ」に振り分けて効率的に管理することが可能です。自信のある編制を任意のデータに保存しておけば、いつでもスムーズに呼び出すことができます。,2
アイテム,経験の果実|キャラレベル,経験の果実について,クールに不思議な力を秘める果実。使用するとキャラのLv.を上げることができる。,1
アイテム,魔力強化の粉|魔力ランク,魔力強化の粉について,不思議な力がこもった粉。使用することで怪異の魔力ランクを高めることができる。,1
アイテム,魔石の欠片|魔石交換,魔石の欠片について,一定数集めることで好きな魔石と交換することができる。,1
アイテム,魔力強化の金粉|魔力ランク上級,魔力強化の金粉について,不思議な力がこもった金粉。使用することで怪異の魔力ランクを高めることができる。,1
アイテム,能力薬|能力薬B|能力薬C|能力薬A|潜在能力,能力薬について,特殊な素材で作られた薬。使用することでキャラの潜在能力を引き出すことができる。能力薬CはLv.C、能力薬BはLv.B、能力薬AはLv.Aの開発プランで使用します。,1
アイテム,賢者の小瓶|賢者の祝福,賢者の小瓶について,使用すると「賢者の祝福」をLv.UPすることができる。,1
アイテム,限界突破の果実|限界突破,限界突破の果実について,クールに不思議な力を秘める果実。使用するとキャラを限界突破させることができる。,1
アイテム,月の絵具|絵札強化,月の絵具について,月の力が宿った絵具。集めることで特定の魔除けの絵札を強化することができる。,1
アイテム,ダイヤ|有償ダイヤ|無償ダイヤ|課金,ダイヤについて,ガチャや品物の売買を行う際に必要となる。有償ダイヤと無償ダイヤを両方所持している場合、有償ダイヤが優先して使用されます。,1
アイテム,コイン|通貨,コインについて,「東京ディバンカー」の世界における通貨。様々な場面で必要となる。,1
アイテム,パスチケット|2時間パスチケット|5時間パスチケット|10時間パスチケット,パスチケットについて,合宿で使用すると対応する時間分の学園経験値を獲得できる。2時間、5時間、10時間の3種類がある。,1
アイテム,魔王の光|魔王の祝福,魔王の光について,魔王のプリズムと共に使用すると「魔王の祝福」をLv upすることができる。,1
アイテム,調査パス|調査回数,調査パスについて,銀河鉄道において使用することで調査を行うことができる。,1
アイテム,たまご温めクン|守護霊孵化,たまご温めクンについて,使用すると守護霊のたまごを温めることができる。温められたたまごは孵化するか、次の段階へと進化を遂げる。,1
アイテム,銅の鍵|銀の鍵|金の鍵|銀河の落とし物,鍵について,使用することで銀河の落とし物を開封することができる。銅の鍵は銅の落とし物、銀の鍵は銀の落とし物、金の鍵は金の落とし物を開封できる。,1
アイテム,ダークマター|交換,ダークマターについて,怪しい物質。集めることで品物と交換できる。,1
アイテム,鳳凰の羽根|赤|青|緑|絵札交換,鳳凰の羽根について,伝説の鳥の羽根。集めることで魔除けの絵札や特定の品物と交換することができる。赤、青、緑の3種類がある。,1
アイテム,銀塊|銅塊|金塊|SR装備|R装備|SSR装備,塊について,光り輝く塊。銅塊はRの装備品、銀塊はSRの装備品、金塊はSSRの装備品を精製するのに必要となる。,1
アイテム,ギルドメダル|ギルド報酬,ギルドメダルについて,同盟に貢献することでもらえる勲章。集めることで品物と交換できる。,1
アイテム,魔王のプリズム|魔王の祝福,魔王のプリズムについて,魔王の光と共に使用すると「魔王の祝福」をLv upすることができる。,1
アイテム,ファイトメダル|闘技場報酬,ファイトメダルについて,闘技場の報酬。集めることで特定の品物と交換できる。,1
アイテム,怪異の宝玉|金|銀|絵札進化,怪異の宝玉について,光り輝く宝玉。怪異の宝玉（銀）はLv.100に達した特定の魔除けの絵札を進化させるために必要でプレミアショップでダイヤと交換できる。怪異の宝玉（金）はLv.150に達した特定の魔除けの絵札を進化させるために必要で闘技場商店でファイトマネーもしくはトロフィーと引き換えに交換できる。,1
契約ガチャ,契約ガチャ|ダイヤ|願いの結晶|鳳凰の羽根,契約ガチャについて,ダイヤを消費して契約ガチャを行うと、キャラカードもしくは魔除けの絵札を獲得できます。すでに所持しているカードと同一のカードを獲得した場合、4枚までの重複分は自動的に「願いの結晶」に変換されます（願いの結晶は、キャラカードや魔除けの絵札を覚醒するために必要となります）。なお、所持カードと重複したカードが排出された際には、副賞として「鳳凰の羽根」を含むランダムなアイテムがプレイヤーに付与されます。※「鳳凰の羽根（緑）」のみ、毎日獲得できる無料宝箱を開けることで獲得できます。各カードの出現率は、各画面の「%」ボタンより確認してください。,3
ストーリー,ストーリー|メインストーリー|東京ディバンカー,メインストーリーについて,「東京ディバンカー」の根幹となる物語です。初めてのプレイヤーの方々には、まずこちらから読み進めてみることをお勧めします。1話ごとに初回読破時のみ、報酬がもらえます。また、一度読んだ物語は、後から何度でも読み返すことが可能です。,3
ストーリー,パーソナルストーリー|親密度|親密度EXP,パーソナルストーリーについて,キャラクターたちの内面を深く知ることができる、特別な物語です。キャラクターたちとの親密度を上げることで解放されます。1話ごとに初回読破時のみ、報酬がもらえます。また、一度読んだ物語は、後から何度でも読み返すことが可能です。,3
ストーリー,親密度EXP|親密度経験値|合宿|星くずの釣り場|限界突破|覚醒,親密度EXPの獲得方法,親密度は、特定の行動によって得られる親密度EXPを一定数貯めることで上昇します。親密度が上昇すると、ホーム画面で聞ける新たなボイスや、ここで読むことのできる各キャラクターの特別なパーソナルストーリーが解放されます。※親密度EXPは、カードごとではなく、キャラクターごとに蓄積していきます。親密度EXPは、以下の行動を行ったキャラクターが獲得できます：合宿の参加、「星くずの釣り場」で釣りを行う、キャラカードの限界突破、キャラカードの覚醒。,2
アカウント,プロフィール画面|名前|種設定,プロフィール画面について,ホーム画面左上にあるアイコンをタップすると、プレイヤーのプロフィール画面が開きます。ここでは、名前や各種設定の変更を行うことができます。,2
アカウント,ユーザー名|公開,ユーザー名（公開）について,各ゲームシステムにおいて、他のプレイヤーに公開される名前です。全てのプレイヤーが見ることができます。,2
アカウント,主人公名|非公開,主人公名（非公開）について,ストーリー上でキャラクターに呼ばれる名前です。他のプレイヤーには公開されません。,2
アカウント,所属ギルド|退会,所属ギルドについて,所属しているギルドの名前が表示されています。横にある「退会」ボタンから、ギルド退会の手続きを行うこともできます。,2
アカウント,誕生日,誕生日について,プレイヤーの誕生日を入力すると、その日にキャラクターたちが特別なお祝いの言葉をくれます。,2
アカウント,自己紹介文|メッセージ,自己紹介文について,同盟画面やランキングなどにおいて、他のプレイヤーに公開されるメッセージです。,2
アカウント,設定|言語|音量|BGM|効果音|ボイス|花火,設定について,設定ボタンを押すと、以下のシステムのセッティングを行うことができます：言語（ゲーム中に表示される言語を変更することができます）、全体ボリューム（ゲーム全体のシステム音声の音量を一括で調節できます）、BGM（ゲーム中に流れるBGMの音量を調節できます）、効果音（ゲーム中に流れる効果音の音量を調節できます）、ボイス（ゲーム中に流れるキャラクターたちのボイスの音量を調節できます）、花火（Onにすると、一定額の課金を行った際に、サーバー上の他プレイヤーへ通知が送られます）。,2
アカウント,アカウント引継ぎ|引継ぎコード,アカウント引継ぎについて,設定からアカウントの引継ぎを行うことができます。自身のアカウントの引継ぎコードを記録・保管しておくことで、たとえゲームを端末からアンインストールしても、復帰時に以前プレイしていたデータの途中から遊ぶことができます。引継ぎコードの確認は、プロフィール画面上の「アカウント引継ぎ」ボタンから行うことができます。,3
アカウント,フレンド|フレンド申請|ナイトメアレイド,フレンドについて,学園Lv.10以上のプレイヤーは、プロフィール画面の「フレンド」ボタンから、「東京ディバンカー」を遊んでいる他プレイヤーの検索、およびフレンド申請を行うことができます。フレンド申請をもらったプレイヤーが承認を行うと、プレイヤー同士がフレンドとなり、「ナイトメアレイド」プレイ時に互いを招待することが可能となります。※フレンド申請及び承認はサーバー外のプレイヤーとも行えますが、「ナイトメアレイド」に招待できるのは同サーバー内のプレイヤーのみです。フレンドには登録可能人数の上限があり、これは一定の学園Lv.へ達することに増加していきます。,3
にゃんこウォーズZ,にゃんこウォーズZ|マップ|拠点|クロスワールド,にゃんこウォーズZの基本ルール,「にゃんこウォーズZ」は、同クロスワールドに所属する各ギルド同士が拠点を奪い合うゲームです。合計3枚のマップが存在し、1週間（水曜日-月曜日）おきに切り替わります。,3
にゃんこウォーズZ,開催時刻|開幕フェーズ|戦略フェーズ|開戦準備フェーズ|決戦フェーズ,にゃんこウォーズZの開催時刻,開幕フェーズ（0:00～8:00）、戦略フェーズ（8:00～21:00）、開戦準備フェーズ（21:00～22:00）、決戦フェーズ（22:00～22:45）。※上記時刻は、各サーバーにおける時刻です。各フェーズの詳細については、「各フェーズについて」をご覧ください。※各マップでの「にゃんこウォーズZ」の開始日時やマップのローテーションのスケジュールは、全サーバー共通です。そのため、新規サーバーでは、サーバー開設時点ですでに「にゃんこウォーズZ」開始から数日経過した状態になっている可能性があります。,3
にゃんこウォーズZ,参加条件|ギルド戦力ランキング|88位,にゃんこウォーズZの参加条件,開催当日0時の時点で、ギルド戦力ランキングにおいて上位88位までのギルド。ギルド戦力ランキングは、各ギルドの所属メンバー個々の過去最高戦力を合計した数値を比較するランキングです。ギルドを退会したプレイヤーは、その日のうちに参加資格のあるギルドへ入りなおしても、開催中のマップが終了するまでの間は「にゃんこウォーズZ」に参加することができません。,3
にゃんこウォーズZ,階級|グループ分け|レジェンド級|ロイヤル級|ナイト級,にゃんこウォーズZの階級とグループ分け,参加資格を得た88ギルドの内、上位16ギルドがレジェンド級、次の24ギルドがロイヤル級、その次の48ギルドがナイト級に振り分けられ、さらに各階級内で4ギルドずつのグループに振り分けられます。「にゃんこウォーズZ」では、この1グループごとに、1マップ上の拠点を取り合います。,2
にゃんこウォーズZ,開幕フェーズ|宣戦布告|Lv.1拠点,開幕フェーズについて,「にゃんこウォーズZ」では、各ギルドが毎日、3つの拠点に宣戦布告できます。※当日がそのマップにおける「にゃんこウォーズZ」の開始日だった場合、各ギルドにLv.1の拠点がランダムに4つずつ割り当てられます。,2
にゃんこウォーズZ,戦略フェーズ|宣戦布告,戦略フェーズについて,各ギルドが、占領したい拠点へ宣戦布告を行います。宣戦布告について：宣戦布告は、このフェーズにしか行えません。一度行った宣戦布告は取り消せません。すでに拠点を占領しているギルドは、その拠点と隣接する拠点にしか宣戦布告できません。拠点を一つも所有していないギルドは、好きなLv.1の拠点に宣戦布告できます。Lv.2の拠点へ宣戦布告するためには、拠点を1つ以上占領している必要があります。Lv.3の拠点には、Lv.2の拠点を1つ以上、もしくはLv.1の拠点を2つ以上占領していないと宣戦布告できません。他のギルドがすでに宣戦布告している拠点には、宣戦布告できません。また、この戦略フェーズ以降、既に占領済みの拠点へ防衛班を配置することができます。一度配置した防衛班を変更もしくは配置解除することはできません。なお、8:00以降に行った班編成への変更、およびキャラクターや装備などの強化は、当日の戦略フェーズ中には表示上反映されません。,3
にゃんこウォーズZ,開戦準備フェーズ|班編成|装備強化,開戦準備フェーズについて,8:00以降に行ったキャラクターおよび装備の強化や変更内容は、19:45-20:00の間に固定されます。キャラクターの強化および班編成の変更に関する情報は、当日の7:45-8:00および19:45-20:00の間に2回、保存されます。以降、強化や変更を行ったとしても、当日の戦闘には反映されません。,2
にゃんこウォーズZ,決戦フェーズ|攻撃班|戦闘,決戦フェーズについて,22:00になると、宣戦布告した拠点へ攻撃班を配置することが可能となります。各班は2回ずつ戦闘に参加することができます。また、戦闘開始時、攻撃班側には、50TUのアドバンテージが与えられます。,2
にゃんこウォーズZ,占領|保護期間|攻撃,拠点の占領について,防衛班がいないあるいは全滅した拠点に攻撃班が攻撃を行うと、その拠点は攻撃班を送ったギルドによって占領されます。占領された拠点は、その時点から15分間の間、保護期間に入ります。保護期間が終わると、拠点を奪われたギルドが、その拠点を攻め返すことができるようになります。奪還に成功した場合、当日中、その拠点は他のギルドによって攻撃されなくなります。なお、ギルドにおいて役職のあるプレイヤーは、防衛班の順番を入れ替えることができます。ただし、先頭から3番目までの防衛班の順番は入れ替えられません。,3
にゃんこウォーズZ,戦闘|オート|HP回復|ハイライト,戦闘について,戦闘はオートで進み、勝利した班はHPが回復した状態で、次の班との戦闘を開始します。ただし勝利した班のステータスには、その勝利数に比例して弱体化していきます。各拠点の攻防において重要な転換点となった戦闘は、ハイライトとして保存され、後ほど動画で確認することができます。引き分けの場合は守備側の勝利とみなされます。,2
にゃんこウォーズZ,ポイント|ランキング,ポイントとランキングについて,決戦フェーズの終了後、各ギルドには、占領している拠点の数に応じてポイントが与えられます。拠点一つにつき、Lv.1は1ポイント、Lv.2は2ポイント、Lv.3は3ポイントが割り当てられます。このポイントの多寡に応じて、当マップにおける各ギルドのランキングが変動します。獲得ポイントが同数の場合、ギルド戦力ランキングに応じてギルドが順位付けされます。,2
にゃんこウォーズZ,報酬|占領報酬|マップ報酬,報酬について,決戦フェーズ終了時点で占領していた拠点の数とLv.に応じて、ギルド員には毎日、占領報酬が配られます。また、そのマップにおける「にゃんこウォーズZ」が終了した時点で、各ギルドの獲得ポイント数に応じたランキングが確定し、順位に対応したマップ報酬が配られます。※マップ報酬の配布タイミングは、最終日の決戦フェーズ後です。※各種報酬は1回以上、自身の所有する防衛班を拠点に配置した、もしくは攻撃班を戦闘に参加させたプレイヤーのみが獲得できます（攻撃班に配置した場合でも、戦闘に参加しなかった場合は獲得できません）。,3
カテゴリ,キーワード,タイトル,内容,優先度
任務,デイリー任務|ミッションPt|報酬,デイリー任務について,デイリー任務は、毎日更新される任務のリストです。それぞれの条件を達成するたびに報酬をもらえるほか、あわせて「ミッションPt」も獲得できます。一定量のミッションPtを獲得すると、さらなる追加報酬を得ることが可能です（獲得したミッションPtの値は日付が変わることにリセットされます）。「塵も積もれば山となる」という言葉の通り、デイリー任務を毎日こなすことで、最終的に相当量の報酬を獲得できます。ログインした日には、こまめに達成状況を確認することをお勧めします。,3
任務,目標リスト|達成|報酬,目標リストについて,目標リストの任務は、クリアすればするほど条件が難しくなりますが、その難易度に応じて、獲得できる報酬の量も増加します。※各任務について、報酬がもらえるのは一回限りです。徐々に高くなるハードルに挑戦し、多くの任務を達成するうちには、おのずとキャラたちの戦力や親密度も上昇していきます。ランキング上位を目指したい方、「東京ディバンカー」の世界をより深く味わいたい方は、こちらの達成に挑戦してみると良いでしょう。,3
任務,購買特典|ダイヤショップ|有償ダイヤ|課金,購買特典について,購買特典は、ダイヤショップで一定額の課金を行うことで報酬を得られる任務です。更新時間を迎える前に、ダイヤショップで一定量の有償ダイヤを購入することが達成条件となっています。報酬内容も豪華なものとなっているので、課金を行った際は、見逃しがないよう、必ず達成状況をチェックしましょう。,3
ランキング,総戦力ランキング|戦力値|順位,総戦力ランキングについて,総戦力ランキングは、プレイヤーごとの総戦力値順で順位が決まります。なお、総戦力が同数の場合は、その戦力に到達した時間が早いプレイヤーのランクが高くなります。,2
ランキング,銀河鉄道ランキング|怪異事件|クリア数,銀河鉄道ランキングについて,銀河鉄道ランキングは、プレイヤーごとのクリアした怪異事件数に応じて順位が決まります。なお、クリアした怪異事件が同数の場合は、クリアした時間が早いプレイヤーのランクが高くなります。,2
ランキング,学園Lvランキング|学園レベル|学園経験値,学園Lv.ランキングについて,学園Lv.ランキングは、プレイヤーごとの学園Lv.順に順位が決まります。なお、学園Lv.が同数の場合は、より学園経験値の獲得量が多いプレイヤーのランクが高くなります。,2
ランキング,ギルドレベルランキング|ギルドLv|ギルド経験値,ギルドレベルランキングについて,ギルドレベルランキングは、ギルドごとのレベル順に順位が決まります。なお、ギルドレベルが同数の場合は、より獲得経験値量の多いギルドのランクが高くなります。,2
ランキング,理事長いいねランキング|獲得数|ギルド,理事長いいねランキングについて,理事長いいねランキングは、ギルドごとの当日の理事長いいねの獲得数に応じて順位が決まります。なお、理事長いいねの獲得数が同数の場合は、その獲得数に到達した時間が早いギルドのランクが高くなります。,2
