"白波 蓮","悪態を鎮める火照り","浴衣","赤","https://nek0-tkdb.github.io/tools/img/ren_spr.jpg"
"灰園 翔平","熱を鎮める強炭酸","温泉","緑","https://nek0-tkdb.github.io/tools/img/shohei_spr.jpg"
"灰園 翔平","特別メニューはただ甘く","チョコ","赤","https://nek0-tkdb.github.io/tools/img/shohei_choco.jpg"
"加賀見 昴流","御神籤に訊ねる","休日","青","https://nek0-tkdb.github.io/tools/img/subaru_hol.jpg"
"灰園 翔平","吹き溜まりの楽園にて","19章","青","https://nek0-tkdb.github.io/tools/img/shohei_19.jpg"
"冠氷 尋","心の裂け目をなぞる指","13章","緑","https://nek0-tkdb.github.io/tools/img/jin_13.jpg"
"殊玉 善治","素敵なサムシング探訪記","休日","赤","https://nek0-tkdb.github.io/tools/img/zenji_hol.jpg"
"桐崎 次郎","夜に彩づく静かな紅","温泉","青","https://nek0-tkdb.github.io/tools/img/jiro_spr.jpg"
"磴 塔真","眠らぬ白肌にお仕置きを","ハロウィン","青","https://nek0-tkdb.github.io/tools/img/tohma_hw.jpg"
"殊玉 善治","心に秘めた願い","18章","青","https://nek0-tkdb.github.io/tools/img/zenji_18.jpg"
"加賀見 昴流","声なき嘆きの中に沈む","24章","青","https://nek0-tkdb.github.io/tools/img/subaru_24.jpg"
"磴 塔真","更けゆく夜への献杯","13章","青","https://nek0-tkdb.github.io/tools/img/tohma_13.jpg"
"加賀見 昴流","聖杯のキングの誘惑","誕生日","緑","https://nek0-tkdb.github.io/tools/img/subaru_tar.jpg"
"殊玉 善治","ボクは令和の夏目漱石","恒常","青","https://nek0-tkdb.github.io/tools/img/zenji01.jpg"
"星喰 大我","気怠い朝光の誘惑","温泉","青","https://nek0-tkdb.github.io/tools/img/taiga_spr.jpg"
"艸楽 陽","影踊る曲芸キョンシー","22章","赤","https://nek0-tkdb.github.io/tools/img/haru_22.jpg"
"ルーカス・エラント","弱者に手を差し伸べて","休日","赤","https://nek0-tkdb.github.io/tools/img/lucas_hol.jpg"
"針条 律","真実を覗くオペラグラス","休日","緑","https://nek0-tkdb.github.io/tools/img/ritsu_hol.jpg"
"歩二 魁斗","ジルコンの煌めき","宝石","青","https://nek0-tkdb.github.io/tools/img/kaito_jewel.jpg"
"加賀見 昴流","星と想いは波の随に","18章","赤","https://nek0-tkdb.github.io/tools/img/subaru_18.jpg"
"艸楽 陽","笑声は暴雨と共に沈む","23章","緑","https://nek0-tkdb.github.io/tools/img/haru_23.jpg"
"艸楽 陽","不思議の牧場の案内人","12章","青","https://nek0-tkdb.github.io/tools/img/haru_12.jpg"
"御堂 亜嵐","男身一つ、露天参り","温泉","赤","https://nek0-tkdb.github.io/tools/img/alan_spr.jpg"
"針条 律","司法こそが我が至宝","8章","緑","https://nek0-tkdb.github.io/tools/img/ritsu08.jpg"
"御堂 亜嵐","力の誘惑","誕生日","青","https://nek0-tkdb.github.io/tools/img/alan_tar.jpg"
"黒鷺 玲音","無秩序に刺激的な色を","19章","赤","https://nek0-tkdb.github.io/tools/img/leo_19.jpg"
"桐崎 次郎","グラスが満ちる頃には","17章","青","https://nek0-tkdb.github.io/tools/img/jiro_17.jpg"
"黒鷺 玲音","悪魔からの新着通知","恒常","赤","https://nek0-tkdb.github.io/tools/img/leo01.jpg"
"歩二 魁斗","名前のない高鳴り","学園祭","赤","https://nek0-tkdb.github.io/tools/img/kaito_fes.jpg"
"衣佐美 佑理","時を越えた対話","休日","赤","https://nek0-tkdb.github.io/tools/img/yuri_hol.jpg"
"エドワード・ハート","夜来の雨とはぐれ妖","休日","緑","https://nek0-tkdb.github.io/tools/img/edward_hol.jpg"
"音無 叶空","夜空に咲かせ、大輪の花","休日","緑","https://nek0-tkdb.github.io/tools/img/towa_hol.jpg"
"冠氷 尋","溶けぬ氷を抱いて沈む","23章","青","https://nek0-tkdb.github.io/tools/img/jin_23.jpg"
"歩二 魁斗","氷菓が恋で溶ける前に","休日","赤","https://nek0-tkdb.github.io/tools/img/kaito_hol.jpg"
"桐崎 次郎","目覚めた怪物","恒常","赤","https://nek0-tkdb.github.io/tools/img/jiro01.jpg"
"灰園 翔平","余裕系男子","恒常","緑","https://nek0-tkdb.github.io/tools/img/shohei01.jpg"
"ルーカス・エラント","己が道を示す羅針盤","20章","赤","https://nek0-tkdb.github.io/tools/img/lucas_20.jpg"
"ライカ・コルト","サムシング・ブルー","結婚","緑","https://nek0-tkdb.github.io/tools/img/lyca_mar.jpg"
"歩二 魁斗","庶民派代表貴族コーデ","恒常","青","https://nek0-tkdb.github.io/tools/img/kaito01.jpg"
"音無 叶空","世界に一つの花言葉","結婚","緑","https://nek0-tkdb.github.io/tools/img/towa_mar.jpg"
"音無 叶空","恋人の誘惑","誕生日","赤","https://nek0-tkdb.github.io/tools/img/towa_tar.jpg"
"冠氷 尋","氷皇の素顔","パジャマ","青","https://nek0-tkdb.github.io/tools/img/jin_pjm.jpg"
"白波 蓮","剣の８の誘惑","誕生日","緑","https://nek0-tkdb.github.io/tools/img/ren_tar.jpg"
"ロミオ・ルッチ","その手触りに魅せられて","休日","青","https://nek0-tkdb.github.io/tools/img/romeo_hol.jpg"
"艸楽 陽","太陽の誘惑","誕生日","青","https://nek0-tkdb.github.io/tools/img/haru_tar.jpg"
"観月 累","灰褐色の恋心","22章","赤","https://nek0-tkdb.github.io/tools/img/rui_22.jpg"
"観月 累","踏み締めた静寂の音","水着","青","https://nek0-tkdb.github.io/tools/img/rui_swim.jpg"
"ロミオ・ルッチ","艶やかに散りゆく紅","8章","青","https://nek0-tkdb.github.io/tools/img/romeo08.jpg"
"観月 累","死が訪れない夜に","日常","緑","https://nek0-tkdb.github.io/tools/img/rui_daily.jpg"
"桐崎 次郎","颯爽たるトレモロ","学園祭","赤","https://nek0-tkdb.github.io/tools/img/jiro_fes.jpg"
"艸楽 陽","怪異サファリにようこそ","恒常","赤","https://nek0-tkdb.github.io/tools/img/haru01.jpg"
"黒鷺 玲音","キミの処遇はオレ次第","11章","緑","https://nek0-tkdb.github.io/tools/img/leo_11.jpg"
"草薙 伯玖","心を掌握する瞳","15章","緑","https://nek0-tkdb.github.io/tools/img/haku_15.jpg"
"冠氷 尋","皇帝の誘惑","誕生日","赤","https://nek0-tkdb.github.io/tools/img/jin_tar.jpg"
"御堂 亜嵐","真実なら奪い獲るまで","恒常","緑","https://nek0-tkdb.github.io/tools/img/alan01.jpg"
"観月 累","死神の誘惑","誕生日","赤","https://nek0-tkdb.github.io/tools/img/rui_tar.jpg"
"殊玉 善治","物語に幸せな結末を","結婚","青","https://nek0-tkdb.github.io/tools/img/zenji_mar.jpg"
"衣佐美 佑理","黒死降る街の救い手","14章","緑","https://nek0-tkdb.github.io/tools/img/yuri_14.jpg"
"御堂 亜嵐","此処が地獄であろうとも","11章","緑","https://nek0-tkdb.github.io/tools/img/alan_11.jpg"
"エドワード・ハート","隠者の誘惑","誕生日","赤","https://nek0-tkdb.github.io/tools/img/edward_tar.jpg"
"御堂 亜嵐","雨音をいつかの拳に重ね","19章","赤","https://nek0-tkdb.github.io/tools/img/alan_19.jpg"
"白波 蓮","挑め望まぬアウトドア","12章","緑","https://nek0-tkdb.github.io/tools/img/ren_12.jpg"
"殊玉 善治","屍者のフィロソフィア","9章","緑","https://nek0-tkdb.github.io/tools/img/zenji_09.jpg"
"観月 累","燭台に揺らめく影細工","10章","緑","https://nek0-tkdb.github.io/tools/img/rui_10.jpg"
"星喰 大我","激情の獣の檻の中で","パジャマ","緑","https://nek0-tkdb.github.io/tools/img/taiga_pjm.jpg"
"艸楽 陽","向日葵からの祝福","結婚","赤","https://nek0-tkdb.github.io/tools/img/haru_mar.jpg"
"殊玉 善治","妖怪道中殊玉絵巻","15章","赤","https://nek0-tkdb.github.io/tools/img/zenji_15.jpg"
"ライカ・コルト","見習い執事は破天荒","10章","青","https://nek0-tkdb.github.io/tools/img/lyca_10.jpg"
"星喰 大我","欲望渦巻くこの街で","休日","緑","https://nek0-tkdb.github.io/tools/img/taiga_hol.jpg"
"草薙 伯玖","暮れ提灯の晩酌","温泉","赤","https://nek0-tkdb.github.io/tools/img/haku_spr.jpg"
"歩二 魁斗","深世界の原風景","20章","緑","https://nek0-tkdb.github.io/tools/img/kaito_20.jpg"
"磴 塔真","剣の３の誘惑","誕生日","赤","https://nek0-tkdb.github.io/tools/img/tohma_tar.jpg"
"桐崎 次郎","ぼやける視線の先には","パジャマ","緑","https://nek0-tkdb.github.io/tools/img/jiro_pjm.jpg"
"観月 累","ハートも溶かす熱い囁き","チョコ","青","https://nek0-tkdb.github.io/tools/img/rui_choco.jpg"
"ルーカス・エラント","集う光の下へ","恒常","緑","https://nek0-tkdb.github.io/tools/img/lucas01.jpg"
"灰園 翔平","夜景を溶かしたカクテル","休日","緑","https://nek0-tkdb.github.io/tools/img/shohei_hol.jpg"
"草薙 伯玖","ただありふれた祝福を","結婚","緑","https://nek0-tkdb.github.io/tools/img/haku_mar.jpg"
"黒鷺 玲音","悪魔の誘惑","誕生日","青","https://nek0-tkdb.github.io/tools/img/leo_tar.jpg"
"白波 蓮","浮ついた顔が隠せずに","結婚","青","https://nek0-tkdb.github.io/tools/img/ren_mar.jpg"
"ルーカス・エラント","君への誓いにかけて","結婚","青","https://nek0-tkdb.github.io/tools/img/lucas_mar.jpg"
"磴 塔真","波音は静かに心を打つ","20章","緑","https://nek0-tkdb.github.io/tools/img/tohma_20.jpg"
"星喰 大我","鉄格子の中の狂犬","21章","青","https://nek0-tkdb.github.io/tools/img/taiga_21.jpg"
"観月 累","はじけて消える想いの粒","17章","緑","https://nek0-tkdb.github.io/tools/img/rui_17.jpg"
"針条 律","ガーネットの光芒","宝石","青","https://nek0-tkdb.github.io/tools/img/ritsu_jewel.jpg"
"衣佐美 佑理","杖の７の誘惑","誕生日","赤","https://nek0-tkdb.github.io/tools/img/yuri_tar.jpg"
"針条 律","全ての黒を眩き白に","恒常","赤","https://nek0-tkdb.github.io/tools/img/ritsu01.jpg"
"歩二 魁斗","愚者の誘惑","誕生日","緑","https://nek0-tkdb.github.io/tools/img/kaito_tar.jpg"
"エドワード・ハート","色なき心を見つめて沈む","24章","緑","https://nek0-tkdb.github.io/tools/img/edward_24.jpg"
"音無 叶空","誰が為の彦星","18章","青","https://nek0-tkdb.github.io/tools/img/towa_18.jpg"
"エドワード・ハート","遊惰な草枕","温泉","赤","https://nek0-tkdb.github.io/tools/img/edward_spr.jpg"
"ライカ・コルト","杖のペイジの誘惑","誕生日","緑","https://nek0-tkdb.github.io/tools/img/lyca_tar.jpg"
"磴 塔真","創られし笑顔","恒常","青","https://nek0-tkdb.github.io/tools/img/tohma01.jpg"
"白波 蓮","最悪に次ぐ最悪","恒常","青","https://nek0-tkdb.github.io/tools/img/ren01.jpg"
"星喰 大我","強欲の城は砂殿に沈む","23章","緑","https://nek0-tkdb.github.io/tools/img/taiga_23.jpg"
"ライカ・コルト","なに見てんだよ、人間","恒常","緑","https://nek0-tkdb.github.io/tools/img/lyca01.jpg"
"衣佐美 佑理","暴れる心拍数","学園祭","青","https://nek0-tkdb.github.io/tools/img/yuri_fes.jpg"
"冠氷 尋","俺の座る椅子が常に王座","休日","緑","https://nek0-tkdb.github.io/tools/img/jin_hol.jpg"
"針条 律","明鏡止水に落ちる影","16章","赤","https://nek0-tkdb.github.io/tools/img/ritsu_16.jpg"
"音無 叶空","言の葉は泡となりて","恒常","緑","https://nek0-tkdb.github.io/tools/img/towa01.jpg"
"灰園 翔平","何気ない朝の視線","日常","青","https://nek0-tkdb.github.io/tools/img/shohei_daily.jpg"
"星喰 大我","噛み殺した渇望の遺物","8章","赤","https://nek0-tkdb.github.io/tools/img/taiga08.jpg"
"黒鷺 玲音","誘惑する悪魔の寝床","パジャマ","青","https://nek0-tkdb.github.io/tools/img/leo_pjm.jpg"
"観月 累","死神の寵愛","恒常","青","https://nek0-tkdb.github.io/tools/img/rui01.jpg"
"冠氷 尋","夕風は王の頬を撫で","温泉","赤","https://nek0-tkdb.github.io/tools/img/jin_spr.jpg"
"灰園 翔平","綽々たるプリズナー","11章","青","https://nek0-tkdb.github.io/tools/img/shohei_11.jpg"
"エドワード・ハート","夜毎語らう夢の罠","17章","青","https://nek0-tkdb.github.io/tools/img/edward_17.jpg"
"音無 叶空","幽けき光に照らされて","12章","青","https://nek0-tkdb.github.io/tools/img/towa_12.jpg"
"星喰 大我","運命の輪の誘惑","誕生日","赤","https://nek0-tkdb.github.io/tools/img/taiga_tar.jpg"
"艸楽 陽","笑顔煌めく波打ち際","17章","緑","https://nek0-tkdb.github.io/tools/img/haru_17.jpg"
"草薙 伯玖","行く川の流れに身を委ね","休日","青","https://nek0-tkdb.github.io/tools/img/haku_hol.jpg"
"白波 蓮","はみ出し者にも止り木を","休日","赤","https://nek0-tkdb.github.io/tools/img/ren_hol.jpg"
"磴 塔真","侠客の貴重な平穏","温泉","緑","https://nek0-tkdb.github.io/tools/img/tohma_spr.jpg"
"ルーカス・エラント","正義の棲む晶洞","13章","青","https://nek0-tkdb.github.io/tools/img/lucas_13.jpg"
"白波 蓮","聖域への立ち入り許可","パジャマ","青","https://nek0-tkdb.github.io/tools/img/ren_pjm.jpg"
"星喰 大我","博徒は欲望のままに","恒常","青","https://nek0-tkdb.github.io/tools/img/taiga01.jpg"
"ロミオ・ルッチ","金貨のキングの誘惑","誕生日","青","https://nek0-tkdb.github.io/tools/img/romeo_tar.jpg"
"加賀見 昴流","平穏に爪先を浸して","温泉","赤","https://nek0-tkdb.github.io/tools/img/subaru_spr.jpg"
"ロミオ・ルッチ","積み上げてきた富と罪","恒常","緑","https://nek0-tkdb.github.io/tools/img/romeo01.jpg"
"エドワード・ハート","夜を染める狭い個室","パジャマ","緑","https://nek0-tkdb.github.io/tools/img/edward_pjm.jpg"
"歩二 魁斗","今宵は静かな屍人形","9章","赤","https://nek0-tkdb.github.io/tools/img/kaito_09.jpg"
"磴 塔真","待ち伏せた鏡の中で","休日","赤","https://nek0-tkdb.github.io/tools/img/tohma_hol.jpg"
"ルーカス・エラント","戦車の誘惑","誕生日","緑","https://nek0-tkdb.github.io/tools/img/lucas_tar.jpg"
"白波 蓮","二度とは言わない一言","17章","赤","https://nek0-tkdb.github.io/tools/img/ren_17.jpg"
"黒鷺 玲音","真夜中のグランギニョル","ハロウィン","緑","https://nek0-tkdb.github.io/tools/img/leo_hw.jpg"
"ライカ・コルト","あたたかな灯の指す方へ","18章","青","https://nek0-tkdb.github.io/tools/img/lyca_18.jpg"
"冠氷 尋","夏を染める氷貴","17章","青","https://nek0-tkdb.github.io/tools/img/jin_17.jpg"
"草薙 伯玖","教皇の誘惑","誕生日","青","https://nek0-tkdb.github.io/tools/img/haku_tar.jpg"
"衣佐美 佑理","理想の灯は灰に沈む","24章","緑","https://nek0-tkdb.github.io/tools/img/yuri_24.jpg"
"冠氷 尋","独奏は静かに凍り付き","日常","赤","https://nek0-tkdb.github.io/tools/img/jin_daily.jpg"
"桐崎 次郎","医師と患者の守秘義務","日常","赤","https://nek0-tkdb.github.io/tools/img/jiro_day.jpg"
"御堂 亜嵐","朽ちた鎖に縛られ沈む","23章","緑","https://nek0-tkdb.github.io/tools/img/alan_23.jpg"
"ライカ・コルト","なんとなく落ち着く場所","休日","赤","https://nek0-tkdb.github.io/tools/img/lyca_hol.jpg"
"灰園 翔平","聖杯の８の誘惑","誕生日","赤","https://nek0-tkdb.github.io/tools/img/shohei_tar.jpg"
"草薙 伯玖","禁断の果実は甘美に誘う","21章","赤","https://nek0-tkdb.github.io/tools/img/haku_21.jpg"
"草薙 伯玖","諧謔趣味の若神主","恒常","赤","https://nek0-tkdb.github.io/tools/img/haku01.jpg"
"エドワード・ハート","真夜中の怪異公","恒常","赤","https://nek0-tkdb.github.io/tools/img/edward01.jpg"
"桐崎 次郎","今日の白衣は特別仕様","結婚","青","https://nek0-tkdb.github.io/tools/img/jiro_mar.jpg"
"ロミオ・ルッチ","翡翠の間にて玉衣靡かせ","16章","赤","https://nek0-tkdb.github.io/tools/img/romeo_16.jpg"
"桐崎 次郎","晦冥の底に沈む","14章","赤","https://nek0-tkdb.github.io/tools/img/jiro_14.jpg"
"衣佐美 佑理","誰かを幸せにする実験","結婚","青","https://nek0-tkdb.github.io/tools/img/yur_mar.jpg"
"冠氷 尋","進路は王の気の向くまま","20章","緑","https://nek0-tkdb.github.io/tools/img/jin_20.jpg"
"御堂 亜嵐","夕闇迫る黒鉄の下で","休日","青","https://nek0-tkdb.github.io/tools/img/alan_hol.jpg"
"ロミオ・ルッチ","黒曜の葬送人","9章","赤","https://nek0-tkdb.github.io/tools/img/romeo_09.jpg"
"加賀見 昴流","奈落に咲く花","15章","青","https://nek0-tkdb.github.io/tools/img/subaru_15.jpg"
"ロミオ・ルッチ","潮風に映ゆる美貌","水着","緑","https://nek0-tkdb.github.io/tools/img/romeo_swim.jpg"
"桐崎 次郎","血染めの畏怖","9章","緑","https://nek0-tkdb.github.io/tools/img/jiro_09.jpg"
"殊玉 善治","聖杯のナイトの誘惑","誕生日","緑","https://nek0-tkdb.github.io/tools/img/zenji_tar.jpg"
"観月 累","心に触れる花束を","結婚","赤","https://nek0-tkdb.github.io/tools/img/rui_mar.jpg"
"黒鷺 玲音","夜の帳を足元に","休日","青","https://nek0-tkdb.github.io/tools/img/leo_hol.jpg"
"歩二 魁斗","光弓の射手","13章","青","https://nek0-tkdb.github.io/tools/img/kaito_13.jpg"
"加賀見 昴流","あえかなる想いの結実","結婚","緑","https://nek0-tkdb.github.io/tools/img/subaru_mar.jpg"
"星喰 大我","暴虎大我の勇","16章","赤","https://nek0-tkdb.github.io/tools/img/taiga_16.jpg"
"加賀見 昴流","雨霞に煙る立役者","恒常","緑","https://nek0-tkdb.github.io/tools/img/subaru01.jpg"
"桐崎 次郎","金貨の８の誘惑","誕生日","緑","https://nek0-tkdb.github.io/tools/img/jiro_tar.jpg"
"針条 律","金貨のナイトの誘惑","誕生日","青","https://nek0-tkdb.github.io/tools/img/ritsu_tar.jpg"
"冠氷 尋","凍てついた暴君","恒常","青","https://nek0-tkdb.github.io/tools/img/jin01.jpg"
"ルーカス・エラント","たゆまぬ研鑽の軌跡","日常","緑","https://nek0-tkdb.github.io/tools/img/lucas_daily.jpg"
"音無 叶空","白き魔王の寝所","ハロウィン","赤","https://nek0-tkdb.github.io/tools/img/towa_hw.jpg"
"ロミオ・ルッチ","凛と咲く風待草の如く","温泉","緑","https://nek0-tkdb.github.io/tools/img/romeo_spr.jpg"
"エドワード・ハート","闇より来たる従者","10章","青","https://nek0-tkdb.github.io/tools/img/edward_10.jpg"
"衣佐美 佑理","生かすも殺すも僕次第","恒常","青","https://nek0-tkdb.github.io/tools/img/yuri01.jpg"
"艸楽 陽","弾けるポップな夜遊びを","休日","緑","https://nek0-tkdb.github.io/tools/img/haru_hol.jpg"
"冠氷 尋","凍れる王子に雪解けを","結婚","赤","https://nek0-tkdb.github.io/tools/img/jin_mar.jpg"
"ライカ・コルト","ガリバーの食卓","ハロウィン","赤","https://nek0-tkdb.github.io/tools/img/lyca_hw.jpg"
"草薙 伯玖","悪戯な笑みに誘われて","パジャマ","緑","https://nek0-tkdb.github.io/tools/img/haku_pjm.jpg"
