カードID,スキル種別,スキル名,消費TU,消費MP,効果内容,使用条件
1,アクティブ,クリティカルストライク,150,-1,敵1体に5倍のダメージ,HP50%以下で使用可能
1,アクティブ,バイタルブロー,180,-1,敵1体に2.5倍のダメージ,HP75%以上で使用できる
1,アクティブ,強攻撃,350,-4,敵全体に1.25倍のダメージ,
1,アクティブ,ペインアタック,130,2,敵1体に1.25倍のダメージを与え、反動ダメージを受ける,
1,パッシブ,アイアンハート,,,HPが1より多い状態で初めて致命的なダメージを受けた際、代わりにHP1の状態で生き残る,
2,アクティブ,ロンリーストライク,150,-2,敵1体に5倍のダメージ,1人で戦っている時に使用できる
2,アクティブ,バイタルブロー,180,-1,敵1体に2.5倍のダメージ,HP75%以上で使用できる
2,アクティブ,強攻撃,250,-2,敵1体に2.5倍のダメージ,
2,アクティブ,全体攻撃,250,5,敵全体に0.5倍のダメージ,
2,パッシブ,スタンリベンジ++,,,このユニットを倒した敵を300TUの間、スタン状態にする,
3,アクティブ,レイジストライク,200,-2,敵1体に4倍のダメージ,レイジ状態の時に使用できる
3,アクティブ,憤怒（レイジ）,100,0,レイジ状態になる,
3,アクティブ,攻撃,150,3,敵1体に1倍のダメージ,
3,アクティブ,全体攻撃,250,5,敵全体に0.5倍のダメージ,
3,パッシブ,カースリベンジ,,,このユニットを倒した敵は、カース状態になる,
4,アクティブ,ロンリーストライク,150,-2,敵1体に5倍のダメージ,1人で戦っている時に使用できる
4,アクティブ,強攻撃,350,-4,敵全体に1.25倍のダメージ,
4,アクティブ,バイタルブロー,180,-1,敵1体に2.5倍のダメージ,HP75%以上で使用できる
4,アクティブ,攻撃,150,3,敵1体に1倍のダメージ,
4,パッシブ,スタンリベンジ++,,,このユニットを倒した敵を300TUの間、スタン状態にする,
5,アクティブ,カースイーター,200,-2,カース状態の敵1体に4倍のダメージ,
5,アクティブ,強攻撃,300,-3,敵2体に1.75倍のダメージ,
5,アクティブ,カースアタック,130,-1,敵1体に0.75倍のダメージを与え、カース状態にする,
5,アクティブ,2体攻撃,200,4,敵2体に0.75倍のダメージ,
5,パッシブ,スリープリベンジ++,,,このユニットを倒した敵1体をスリープ状態にする,
6,アクティブ,レイジストライク,200,-2,敵1体に4倍のダメージ,レイジ状態の時に使用できる
6,アクティブ,憤怒（レイジ）,100,0,レイジ状態になる,
6,アクティブ,タイムボム,250,-1,敵1体に2倍-6倍のダメージを与える。ダメージは対象とする各敵の現在のTUに比例する,
6,アクティブ,ペインアタック,180,3,敵2体に1倍のダメージを与え、反動ダメージを受ける,
6,パッシブ,ポイズンリベンジ,,,このユニットを倒した敵1体をポイズン状態にする,
7,アクティブ,クリティカルストライク,200,-2,敵2体に4倍のダメージ,HP50%以下で使用可能
7,アクティブ,ペインストライク,230,-1,敵1体に3倍のダメージを与え、反動ダメージを受ける,
7,アクティブ,強攻撃,250,-2,敵1体に2.5倍のダメージ,
7,アクティブ,攻撃,150,3,敵1体に1倍のダメージ,
7,パッシブ,アイアンハート,,,HPが1より多い状態で初めて致命的なダメージを受けた際、代わりにHP1の状態で生き残る,
8,アクティブ,サバイバルストライク,200,-2,敵1体に5倍のダメージ,戦闘に参加してから300TU以上経過後に使用できる
8,アクティブ,強攻撃,350,-4,敵全体に1.25倍のダメージ,
8,アクティブ,強攻撃,250,-2,敵1体に2.5倍のダメージ,
8,アクティブ,2体攻撃,200,4,敵2体に0.75倍のダメージ,
8,パッシブ,アイアンハート,,,HPが1より多い状態で初めて致命的なダメージを受けた際、代わりにHP1の状態で生き残る,
9,アクティブ,マーダーストライク,150,-2,敵1体に5倍のダメージ,戦闘中、敵を2体倒すと使用できる
9,アクティブ,カースイーター,200,-2,カース状態の敵1体に4倍のダメージ,
9,アクティブ,カースアタック,130,-1,敵1体に0.75倍のダメージを与え、カース状態にする,
9,アクティブ,ペインアタック,230,4,敵全体に0.75倍のダメージを与え、反動ダメージを受ける,
9,パッシブ,カースリベンジ,,,このユニットを倒した敵は、カース状態になる,
10,アクティブ,サバイバルストライク,200,-2,敵1体に5倍のダメージ,戦闘に参加してから300TU以上経過後に使用できる
10,アクティブ,強攻撃,350,-4,敵全体に1.25倍のダメージ,
10,アクティブ,全体攻撃,250,5,敵全体に0.5倍のダメージ,
10,アクティブ,攻撃,150,3,敵1体に1倍のダメージ,
10,パッシブ,オート特攻ブースト,,,戦闘に参加した時、自身の特攻が上昇する,
11,アクティブ,タイムボム,250,-1,敵1体に2倍-6倍のダメージを与える。ダメージは対象とする各敵の現在のTUに比例する,
11,アクティブ,強攻撃,350,-4,敵全体に1.25倍のダメージ,
11,アクティブ,ペインストライク,230,-1,敵1体に3倍のダメージを与え、反動ダメージを受ける,
11,アクティブ,2体攻撃,200,4,敵2体に0.75倍のダメージ,
11,パッシブ,オート物攻ブースト,,,戦闘に参加した時、自身の物攻が上昇する,
12,アクティブ,カースイーター,200,-2,カース状態の敵1体に4倍ダメージ,
12,アクティブ,カースアタック,130,-1,敵1体に0.75倍のダメージを与え、カース状態にする,
12,アクティブ,攻撃,150,3,敵1体に1倍のダメージ,
12,アクティブ,全体攻撃,250,5,敵全体に0.5倍のダメージ,
12,パッシブ,アイアンハート,,,HPが1より多い状態で初めて致命的ダメージを受けた際、代わりにHP1の状態で生き残る,
13,アクティブ,カースイーター,200,-2,カース状態の敵1体に4倍のダメージ,
13,アクティブ,カースアタック,130,-1,敵1体に0.75倍のダメージを与え、カース状態にする,
13,アクティブ,ペインアタック,130,2,敵1体に1.25倍のダメージを与え、反動ダメージを受ける,
13,アクティブ,全体攻撃,250,5,敵全体に0.5倍のダメージ,
13,パッシブ,アイアンハート,,,HPが1より多い状態で初めて致命的なダメージを受けた際、代わりにHP1の状態で生き残る,
14,アクティブ,レイジストライク,200,-2,敵1体に4倍のダメージ,レイジ状態の時に使用できる
14,アクティブ,憤怒（レイジ）,100,0,レイジ状態になる,
14,アクティブ,攻撃,150,3,敵1体に1倍のダメージ,
14,アクティブ,全体攻撃,250,5,敵全体に0.5倍のダメージ,
14,パッシブ,ポイズンリベンジ,,,このユニットを倒した敵1体をポイズン状態にする,
15,アクティブ,ライフフリップ,130,-2,現在のHPと失ったHPを交換する。各戦闘で1回のみ使用できる,
15,アクティブ,マーダーストライク,200,-3,敵2体に4倍のダメージ,戦闘中、敵を2体倒すと使用できる
15,アクティブ,タイムボム,250,-1,敵1体に2倍-6倍のダメージを与える。ダメージは対象とする各敵の現在のTUに比例する,
15,アクティブ,攻撃,130,2,敵1体に1倍のダメージ,
15,パッシブ,スタンエントリー,,,増援から戦闘に参加した時、ランダムな敵を300TUの間スタン状態にする,
16,アクティブ,ロンリーストライク,200,-3,敵2体に4倍のダメージ,1人で戦っている時に使用できる
16,アクティブ,タイムボム,300,-2,敵2体に1倍-4倍のダメージを与える。ダメージは対象とする各敵の現在のTUに比例する,
16,アクティブ,強攻撃,350,-4,敵全体に1.25倍のダメージ,
16,アクティブ,2体攻撃,200,4,敵2体に0.75倍のダメージ,
16,パッシブ,スタンエントリー,,,増援から戦闘に参加した時、ランダムな敵を300TUの間スタン状態にする,
17,アクティブ,クリティカルストライク,200,-2,敵2体に4倍のダメージ,HP50%以下で使用可能
17,アクティブ,タイムボム,300,-2,敵2体に1倍-4倍のダメージを与える。ダメージは対象とする各敵の現在のTUに比例する,
17,アクティブ,強攻撃,350,-4,敵全体に1.25倍のダメージ,
17,アクティブ,攻撃,150,3,敵1体に1倍のダメージ,
17,パッシブ,アイアンハート,,,HPが1より多い状態で初めて致命的なダメージを受けた際、代わりにHP1の状態で生き残る,
18,アクティブ,ライフフリップ,130,-2,現在のHPと失ったHPを交換する。各戦闘で1回のみ使用できる,
18,アクティブ,マーダーストライク,150,-2,敵1体に5倍のダメージ,戦闘中、敵を2体倒すと使用できる
18,アクティブ,ペインストライク,280,-2,敵2体に2倍のダメージを与え、反動ダメージを受ける,
18,アクティブ,攻撃,150,3,敵1体に1倍のダメージ,
18,パッシブ,スリープリベンジ++,,,このユニットを倒した敵1体をスリープ状態にする,
19,アクティブ,レイジストライク,250,-2,敵2体に3倍のダメージ,レイジ状態の時に使用できる
19,アクティブ,憤怒（レイジ）,100,0,レイジ状態になる,
19,アクティブ,ペインアタック,230,4,敵全体に0.75倍のダメージを与え、反動ダメージを受ける,
19,アクティブ,攻撃,150,3,敵1体に1倍のダメージ,
19,パッシブ,オートレイジ,,,戦闘に参加した時、レイジ状態になる,
20,アクティブ,ライフフリップ,130,-2,現在のHPと失ったHPを交換する。各戦闘で1回のみ使用できる,
20,アクティブ,サバイバルストライク,200,-2,敵1体に5倍のダメージ,戦闘に参加してから300TU以上経過後に使用できる
20,アクティブ,バイタルブロー,230,-2,敵2体に1.75倍のダメージ,HP75%以上で使用できる
20,アクティブ,全体攻撃,250,5,敵全体に0.5倍のダメージ,
20,パッシブ,スリープリベンジ++,,,このユニットを倒した敵1体をスリープ状態にする,
21,アクティブ,ライフフリップ,130,-2,現在のHPと失ったHPを交換する。各戦闘で1回のみ使用できる,
21,アクティブ,ロンリーストライク,150,-2,敵1体に5倍のダメージ,1人で戦っている時に使用できる
21,アクティブ,タイムボム,300,-2,敵2体に1倍-4倍のダメージを与える。ダメージは対象とする各敵の現在のTUに比例する,
21,アクティブ,2体攻撃,200,4,敵2体に0.75倍のダメージ,
21,パッシブ,スタンエントリー,,,増援から戦闘に参加した時、ランダムな敵を300TUの間スタン状態にする,
22,アクティブ,ロンリーストライク,150,-2,敵1体に5倍のダメージ,1人で戦っている時に使用できる
22,アクティブ,バイタルブロー,230,-2,敵2体に1.75倍のダメージ,HP75%以上で使用できる
22,アクティブ,強攻撃,350,-4,敵全体に1.25倍のダメージ,
22,アクティブ,2体攻撃,200,4,敵2体に0.75倍のダメージ,
22,パッシブ,スタンリベンジ++,,,このユニットを倒した敵を300TUの間、スタン状態にする,
23,アクティブ,物攻アップ,100,1,自身の物理攻撃力を上げる,
23,アクティブ,カースイーター,200,-2,カース状態の敵1体に4倍のダメージ,
23,アクティブ,リベンジブロー,180,-2,戦闘中に味方を倒した敵に3倍のダメージ,
23,アクティブ,ペインアタック,180,3,敵2体に1倍のダメージを与え、反動ダメージを受ける,
23,パッシブ,オートカース,,,戦闘に参加した時、ランダムな敵1体をカース状態にする,
24,アクティブ,物攻アップ,100,1,自身の物理攻撃力を上げる,
24,アクティブ,サバイバルストライク,200,-2,敵1体に5倍のダメージ,戦闘に参加してから300TU以上経過後に使用できる
24,アクティブ,タイムボム,250,-1,敵1体に2倍-6倍のダメージを与える。ダメージは対象とする各敵の現在のTUに比例する,
24,アクティブ,2体攻撃,200,4,敵2体に0.75倍のダメージ,
24,パッシブ,俊敏性ダウンエントリー,,,増援から戦闘に参加した時、ランダムな敵1体のアクティブスキルのTUを増加させる,
25,アクティブ,サバイバルストライク,200,-2,敵1体に5倍のダメージ,戦闘に参加してから300TU以上経過後に使用できる
25,アクティブ,ライフフリップ,180,-1,現在のHPと失ったHPを交換する。各戦闘で1回のみ使用できる,
25,アクティブ,バイタルブロー,230,-2,敵2体に1.75倍のダメージ,HP75%以上で使用できる
25,アクティブ,全体攻撃,250,5,敵全体に0.5倍のダメージ,
25,パッシブ,オート物攻ブースト,,,戦闘に参加した時、自身の物攻が上昇する,
26,アクティブ,ライフフリップ,130,-2,現在のHPと失ったHPを交換する。各戦闘で1回のみ使用できる,
26,アクティブ,ロンリーストライク,150,-2,敵1体に5倍のダメージ,1人で戦っている時に使用できる
26,アクティブ,マーダーストライク,150,-2,敵1体に5倍のダメージ,戦闘中、敵を2体倒すと使用できる
26,アクティブ,2体攻撃,200,4,敵2体に0.75倍のダメージ,
26,パッシブ,ポイズンエントリー,,,増援から戦闘に参加した時、ランダムな敵1体をポイズン状態にする,
27,アクティブ,ドリームイーター,300,-2,スリープ状態の敵1体に6倍のダメージ,
27,アクティブ,カースイーター,200,-2,カース状態の敵1体に4倍のダメージ,
27,アクティブ,カースブルー,150,-2,青属性の敵全体をカース状態にする,
27,アクティブ,攻撃,180,2,敵1体に1.25倍のダメージ,
27,パッシブ,俊敏性ダウンリベンジ,,,このユニットを倒した敵1体のアクティブスキルのTUを増加させる,
28,アクティブ,俊敏性アップ,100,-1,自身のアクティブスキルのTUを20%減少させる,
28,アクティブ,チャージインパクト,250,-2,自身のチャージ状態を解除し、敵2体に4倍のダメージ,チャージ状態の時のみ使用できる
28,アクティブ,チャージブースト,200,-1,チャージ状態になり、自身の特殊攻撃力を上げる。すでにチャージ状態の時には使用できない,
28,アクティブ,全体攻撃,250,5,敵全体に0.5倍のダメージ,
28,パッシブ,チャージアドバンス,,,戦闘に参加した時、チャージ状態になる,
29,アクティブ,俊敏性アップ,100,-1,自身のアクティブスキルのTUを20%減少させる,
29,アクティブ,チャージインパクト,250,-2,自身のチャージ状態を解除し、敵2体に4倍のダメージ,チャージ状態の時のみ使用できる
29,アクティブ,チャージ,150,-1,チャージ状態になる。すでにチャージ状態の時には使用できない,
29,アクティブ,全体攻撃,250,5,敵全体に0.5倍のダメージ,
29,パッシブ,チャージアドバンス,,,戦闘に参加した時、チャージ状態になる,
30,アクティブ,レイジストライク,200,-2,敵1体に4倍のダメージ,レイジ状態の時に使用できる
30,アクティブ,憤怒（レイジ）,100,0,レイジ状態になる,
30,アクティブ,リベンジブロー,180,-2,戦闘中に味方を倒した敵に3倍のダメージ,
30,アクティブ,2体攻撃,200,4,敵2体に0.75倍のダメージ,
30,パッシブ,オートレイジ,,,戦闘に参加した時、レイジ状態になる,
31,アクティブ,ブロック++,200,-3,ブロック状態となり、このユニットが敵の攻撃をひきつける,
31,アクティブ,クリティカルストライク,150,-1,敵1体に5倍のダメージ,HP50%以下で使用可能
31,アクティブ,強攻撃,350,-4,敵全体に1.25倍のダメージ,
31,アクティブ,2体攻撃,200,4,敵2体に0.75倍のダメージ,
31,パッシブ,アイアンハート,,,HPが1より多い状態で初めて致命的なダメージを受けた際、代わりにHP1の状態で生き残る,
32,アクティブ,ドリームイーター,300,-2,スリープ状態の敵1体に6倍のダメージ,
32,アクティブ,カースイーター,200,-2,カース状態の敵1体に4倍のダメージ,
32,アクティブ,カースアタック,130,-1,敵1体に0.75倍のダメージを与え、カース状態にする,
32,アクティブ,攻撃,150,3,敵1体に1倍のダメージ,
32,パッシブ,オートMP+2,,,戦闘に参加した時、2MPを得る,
33,アクティブ,ライフフリップ,130,-2,現在のHPと失ったHPを交換する。各戦闘で1回のみ使用できる,
33,アクティブ,サバイバルストライク,200,-2,敵1体に5倍のダメージ,戦闘に参加してから300TU以上経過後に使用できる
33,アクティブ,バイタルブロー,230,-2,敵2体に1.75倍のダメージ,HP75%以上で使用できる
33,アクティブ,2体攻撃,200,4,敵2体に0.75倍のダメージ,
33,パッシブ,スリープエントリー,,,増援から戦闘に参加した時、TUが最も高い敵をスリープ状態にする,
34,アクティブ,ブロック++,200,-3,ブロック状態となり、このユニットが敵の攻撃をひきつける,
34,アクティブ,クリティカルストライク,150,-1,敵1体に5倍のダメージ,HP50%以下で使用可能
34,アクティブ,強攻撃,250,-2,敵1体に2.5倍のダメージ,
34,アクティブ,2体攻撃,200,4,敵2体に0.75倍のダメージ,
34,パッシブ,アイアンハート,,,HPが1より多い状態で初めて致命的なダメージを受けた際、代わりにHP1の状態で生き残る,
35,アクティブ,ディフェンスブースト,100,1,自身の特殊防御力と物理防御力を上げる,
35,アクティブ,サバイバルストライク,300,-3,敵2体に4倍のダメージ,戦闘に参加してから300TU以上経過後に使用できる
35,アクティブ,リベンジブロー,180,-2,戦闘中に味方を倒した敵に3倍のダメージ,
35,アクティブ,ペインアタック,230,4,敵全体に0.75倍のダメージを与え、反動ダメージを受ける,
35,パッシブ,アイアンハート,,,HPが1より多い状態で初めて致命的なダメージを受けた際、代わりにHP1の状態で生き残る,
36,アクティブ,俊敏性アップ,100,-1,自身のアクティブスキルのTUを20%減少させる,
36,アクティブ,クリティカルストライク,200,-2,敵2体に4倍のダメージ,HP50%以下で使用可能
36,アクティブ,ペインストライク,330,-3,敵全体に1.5倍のダメージを与え、反動ダメージを受ける,
36,アクティブ,2体攻撃,200,4,敵2体に0.75倍のダメージ,
36,パッシブ,アイアンハート,,,HPが1より多い状態で初めて致命的なダメージを受けた際、代わりにHP1の状態で生き残る,
37,アクティブ,マーダーストライク,150,-2,敵1体に5倍のダメージ,戦闘中、敵を2体倒すと使用できる
37,アクティブ,カースイーター,250,-2,敵2体を攻撃する。カース状態の敵に3倍のダメージ,
37,アクティブ,カースアタック,150,-2,敵2体に0.5倍のダメージを与え、カース状態にする,
37,アクティブ,ペインアタック,180,3,敵2体に1倍のダメージを与え、反動ダメージを受ける,
37,パッシブ,オート物攻ブースト,,,戦闘に参加した時、自身の物攻が上昇する,
38,アクティブ,物攻アップ,100,1,自身の物理攻撃力を上げる,
38,アクティブ,カースイーター,250,-2,敵2体を攻撃する。カース状態の敵に3倍のダメージ,
38,アクティブ,カースアタック,150,-2,敵2体に0.5倍のダメージを与え、カース状態にする,
38,アクティブ,ペインアタック,230,4,敵全体に0.75倍のダメージを与え、反動ダメージを受ける,
38,パッシブ,アイアンハート,,,HPが1より多い状態で初めて致命的なダメージを受けた際、代わりにHP1の状態で生き残る,
39,アクティブ,タイムボム,250,-1,敵1体に2倍-6倍のダメージを与える。ダメージは対象とする各敵の現在のTUに比例する,
39,アクティブ,ペインストライク,330,-3,敵全体に1.5倍のダメージを与え、反動ダメージを受ける,
39,アクティブ,俊敏性アップ,100,-1,自身のアクティブスキルのTUを20%減少させる,
39,アクティブ,攻撃,150,3,敵1体に1倍のダメージ,
39,パッシブ,オートMP+2,,,戦闘に参加した時、2MPを得る,
40,アクティブ,ライフフリップ,130,-2,現在のHPと失ったHPを交換する。各戦闘で1回のみ使用できる,
40,アクティブ,サバイバルストライク,200,-2,敵1体に5倍のダメージ,戦闘に参加してから300TU以上経過後に使用できる
40,アクティブ,ロンリーストライク,150,-2,敵1体に5倍のダメージ,1人で戦っている時に使用できる
40,アクティブ,攻撃,150,3,敵1体に1倍のダメージ,
40,パッシブ,スタンリベンジ++,,,このユニットを倒した敵を300TUの間、スタン状態にする,
41,アクティブ,ブロック++,200,-3,ブロック状態となり、このユニットが敵の攻撃をひきつける,
41,アクティブ,クリティカルストライク,150,-1,敵1体に5倍のダメージ,HP50%以下で使用可能
41,アクティブ,バイタルブロー,180,-1,敵1体に2.5倍のダメージ,HP75%以上で使用できる
41,アクティブ,攻撃,150,3,敵1体に1倍のダメージ,
41,パッシブ,アイアンハート,,,HPが1より多い状態で初めて致命的なダメージを受けた際、代わりにHP1の状態で生き残る,
42,アクティブ,ブロック++,200,-3,ブロック状態となり、このユニットが敵の攻撃をひきつける,
42,アクティブ,クリティカルストライク,150,-1,敵1体に5倍のダメージ,HP50%以下で使用可能
42,アクティブ,バイタルブロー,180,-1,敵1体に2.5倍のダメージ,HP75%以上で使用できる
42,アクティブ,2体攻撃,200,4,敵2体に0.75倍のダメージ,
42,パッシブ,アイアンハート,,,HPが1より多い状態で初めて致命的なダメージを受けた際、代わりにHP1の状態で生き残る,
43,アクティブ,ブロック++,200,-3,ブロック状態となり、このユニットが敵の攻撃をひきつける,
43,アクティブ,クリティカルストライク,150,-1,敵1体に5倍のダメージ,HP50%以下で使用可能
43,アクティブ,バイタルブロー,180,-1,敵1体に2.5倍のダメージ,HP75%以上で使用できる
43,アクティブ,攻撃,150,3,敵1体に1倍のダメージ,
43,パッシブ,アイアンハート,,,HPが1より多い状態で初めて致命的なダメージを受けた際、代わりにHP1の状態で生き残る,
44,アクティブ,ロンリーストライク,200,-3,敵2体に4倍のダメージ,1人で戦っている時に使用できる
44,アクティブ,タイムボム,300,-2,敵2体に1倍-4倍のダメージを与える。ダメージは対象とする各敵の現在のTUに比例する,
44,アクティブ,ペインストライク,330,-3,敵全体に1.5倍のダメージを与え、反動ダメージを受ける,
44,アクティブ,攻撃,150,3,敵1体に1倍のダメージ,
44,パッシブ,オート特攻ブースト,,,戦闘に参加した時、自身の特攻が上昇する,
45,アクティブ,物攻アップ,100,1,自身の物理攻撃力を上げる,
45,アクティブ,カースイーター,200,-2,カース状態の敵1体に4倍のダメージ,
45,アクティブ,カースアタック,130,-1,敵1体に0.75倍のダメージを与え、カース状態にする,
45,アクティブ,2体攻撃,200,4,敵2体に0.75倍のダメージ,
45,パッシブ,カースリベンジ,,,このユニットを倒した敵は、カース状態になる,
46,アクティブ,レイジストライク,200,-2,敵1体に4倍のダメージ,レイジ状態の時に使用できる
46,アクティブ,憤怒（レイジ）,100,0,レイジ状態になる,
46,アクティブ,リベンジブロー,230,-3,戦闘中に味方を倒した敵2体に2倍のダメージ,
46,アクティブ,2体攻撃,200,4,敵2体に0.75倍のダメージ,
46,パッシブ,オートレイジ,,,戦闘に参加した時、レイジ状態になる,
47,アクティブ,タイムボム,250,-1,敵1体に2倍-6倍のダメージを与える。ダメージは対象とする各敵の現在のTUに比例する,
47,アクティブ,クリティカルストライク,200,-2,敵2体に4倍のダメージ,HP50%以下で使用可能
47,アクティブ,バイタルブロー,230,-2,敵2体に1.75倍のダメージ,HP75%以上で使用できる
47,アクティブ,2体攻撃,200,4,敵2体に0.75倍のダメージ,
47,パッシブ,スタンリベンジ++,,,このユニットを倒した敵を300TUの間、スタン状態にする,
48,アクティブ,クリティカルストライク,150,-1,敵1体に5倍のダメージ,HP50%以下で使用可能
48,アクティブ,ペインストライク,280,-2,敵2体に2倍のダメージを与え、反動ダメージを受ける,
48,アクティブ,強攻撃,350,-4,敵全体に1.25倍のダメージ,
48,アクティブ,攻撃,150,3,敵1体に1倍のダメージ,
48,パッシブ,アイアンハート,,,HPが1より多い状態で初めて致命的なダメージを受けた際、代わりにHP1の状態で生き残る,
49,アクティブ,チャージインパクト,200,-2,自身のチャージ状態を解除し、敵1体に5倍のダメージ,チャージ状態の時のみ使用できる
49,アクティブ,チャージブースト,200,-1,チャージ状態になり、自身の物理攻撃力を上げる。すでにチャージ状態の時には使用できない,
49,アクティブ,ペインストライク,280,-2,敵2体に2倍のダメージを与え、反動ダメージを受ける,
49,アクティブ,2体攻撃,200,4,敵2体に0.75倍のダメージ,
49,パッシブ,チャージアドバンス,,,戦闘に参加した時、チャージ状態になる,
50,アクティブ,ライフフリップ,130,-2,現在のHPと失ったHPを交換する。各戦闘で1回のみ使用できる,
50,アクティブ,クリティカルストライク,150,-1,敵1体に5倍のダメージ,HP50%以下で使用可能
50,アクティブ,ペインストライク,230,-1,敵1体に3倍のダメージを与え、反動ダメージを受ける,
50,アクティブ,全体攻撃,250,5,敵全体に0.5倍のダメージ,
50,パッシブ,スリープリベンジ++,,,このユニットを倒した敵1体をスリープ状態にする,
51,アクティブ,タイムボム,300,-2,敵2体に1倍-4倍のダメージを与える。ダメージは対象とする各敵の現在のTUに比例する,
51,アクティブ,バイタルブロー,230,-2,敵2体に1.75倍のダメージ,HP75%以上で使用できる
51,アクティブ,強攻撃,350,-4,敵全体に1.25倍のダメージ,
51,アクティブ,攻撃,150,3,敵1体に1倍のダメージ,
51,パッシブ,オート特攻ブースト,,,戦闘に参加した時、自身の特攻が上昇する,
52,アクティブ,サバイバルストライク,200,-2,敵1体に5倍のダメージ,戦闘に参加してから300TU以上経過後に使用できる
52,アクティブ,タイムボム,300,-2,敵2体に1倍-4倍のダメージを与える。ダメージは対象とする各敵の現在のTUに比例する,
52,アクティブ,ペインストライク,280,-2,敵2体に2倍のダメージを与え、反動ダメージを受ける,
52,アクティブ,攻撃,150,3,敵1体に1倍のダメージ,
52,パッシブ,オート特攻ブースト,,,戦闘に参加した時、自身の特攻が上昇する,
53,アクティブ,サバイバルストライク,200,-2,敵1体に5倍のダメージ,戦闘に参加してから300TU以上経過後に使用できる
53,アクティブ,タイムボム,300,-2,敵2体に1倍-4倍のダメージを与える。ダメージは対象とする各敵の現在のTUに比例する,
53,アクティブ,強攻撃,350,-4,敵全体に1.25倍のダメージ,
53,アクティブ,攻撃,150,3,敵1体に1倍のダメージ,
53,パッシブ,オート特攻ブースト,,,戦闘に参加した時、自身の特攻が上昇する,
54,アクティブ,ポイズンイーター,250,-2,ポイズン状態の敵1体に5倍のダメージ,
54,アクティブ,ポイズンアタック,150,-2,敵2体に0.5倍のダメージを与え、ポイズン状態にする,
54,アクティブ,強攻撃,350,-4,敵全体に1.25倍のダメージ,
54,アクティブ,攻撃,150,3,敵1体に1倍のダメージ,
54,パッシブ,ポイズンリベンジ,,,このユニットを倒した敵1体をポイズン状態にする,
55,アクティブ,ロンリーストライク,200,-3,敵2体に4倍のダメージ,1人で戦っている時に使用できる
55,アクティブ,タイムボム,300,-2,敵2体に1倍-4倍のダメージを与える。ダメージは対象とする各敵の現在のTUに比例する,
55,アクティブ,ペインストライク,330,-3,敵全体に1.5倍のダメージを与え、反動ダメージを受ける,
55,アクティブ,攻撃,150,3,敵1体に1倍のダメージ,
55,パッシブ,オート特攻ブースト,,,戦闘に参加した時、自身の特攻が上昇する,
56,アクティブ,ドリームイーター,300,-2,スリープ状態の敵1体に6倍のダメージ,
56,アクティブ,カースイーター,200,-2,カース状態の敵1体に4倍のダメージ,
56,アクティブ,スリープアタック,130,-1,敵1体に0.75倍のダメージを与え、スリープ状態にする,
56,アクティブ,2体攻撃,200,4,敵2体に0.75倍のダメージ,
56,パッシブ,オート特攻ブースト,,,戦闘に参加した時、自身の特攻が上昇する,
57,アクティブ,レイジストライク,250,-2,敵2体に3倍のダメージ,レイジ状態の時に使用できる
57,アクティブ,憤怒（レイジ）,100,0,レイジ状態になる,
57,アクティブ,タイムボム,300,-2,敵2体に1倍-4倍のダメージを与える。ダメージは対象とする各敵の現在のTUに比例する,
57,アクティブ,攻撃,150,3,敵1体に1倍のダメージ,
57,パッシブ,オートレイジ,,,戦闘に参加した時、レイジ状態になる,
58,アクティブ,ドリームイーター,200,-2,スリープ状態の敵1体に4倍のダメージ,
58,アクティブ,スリープアタック,150,-2,敵2体に0.5倍のダメージを与え、スリープ状態にする,
58,アクティブ,ペインストライク,280,-2,敵2体に2倍のダメージを与え、反動ダメージを受ける,
58,アクティブ,攻撃,150,3,敵1体に1倍のダメージ,
58,パッシブ,アイアンハート,,,HPが1より多い状態で初めて致命的なダメージを受けた際、代わりにHP1の状態で生き残る,
59,アクティブ,ポイズンイーター,300,-2,ポイズン状態の敵2体に4倍のダメージ,
59,アクティブ,ポイズンアタック,150,-2,敵2体に0.5倍のダメージを与え、ポイズン状態にする,
59,アクティブ,強攻撃,350,-4,敵全体に1.25倍のダメージ,
59,アクティブ,2体攻撃,200,4,敵2体に0.75倍のダメージ,
59,パッシブ,ポイズンリベンジ,,,このユニットを倒した敵1体をポイズン状態にする,
60,アクティブ,ブロック++,200,-3,ブロック状態となり、このユニットが敵の攻撃をひきつける,
60,アクティブ,クリティカルストライク,150,-1,敵1体に5倍のダメージ,HP50%以下で使用可能
60,アクティブ,バイタルブロー,180,-1,敵1体に2.5倍のダメージ,HP75%以上で使用できる
60,アクティブ,攻撃,150,3,敵1体に1倍のダメージ,
60,パッシブ,アイアンハート,,,HPが1より多い状態で初めて致命的なダメージを受けた際、代わりにHP1の状態で生き残る,
61,アクティブ,クリティカルストライク,200,-2,敵2体に4倍のダメージ,HP50%以下で使用可能
61,アクティブ,ペインストライク,280,-2,敵2体に2倍のダメージを与え、反動ダメージを受ける,
61,アクティブ,強攻撃,350,-4,敵全体に1.25倍のダメージ,
61,アクティブ,攻撃,150,3,敵1体に1倍のダメージ,
61,パッシブ,アイアンハート,,,HPが1より多い状態で初めて致命的なダメージを受けた際、代わりにHP1の状態で生き残る,
62,アクティブ,タイムボム,250,-1,敵1体に2倍-6倍のダメージを与える。ダメージは対象とする各敵の現在のTUに比例する,
62,アクティブ,ペインストライク,280,-2,敵2体に2倍のダメージを与え、反動ダメージを受ける,
62,アクティブ,強攻撃,350,-4,敵全体に1.25倍のダメージ,
62,アクティブ,攻撃,150,3,敵1体に1倍のダメージ,
62,パッシブ,オート物攻ブースト,,,戦闘に参加した時、自身の物攻が上昇する,
63,アクティブ,マーダーストライク,150,-2,敵1体に5倍のダメージ,戦闘中、敵を2体倒すと使用できる
63,アクティブ,タイムボム,300,-2,敵2体に1倍-4倍のダメージを与える。ダメージは対象とする各敵の現在のTUに比例する,
63,アクティブ,強攻撃,300,-3,敵2体に1.75倍のダメージ,
63,アクティブ,ペインアタック,230,4,敵全体に0.75倍のダメージを与え、反動ダメージを受ける,
63,パッシブ,スタンリベンジ++,,,このユニットを倒した敵を300TUの間、スタン状態にする,
64,アクティブ,物攻アップ,100,1,自身の物理攻撃力を上げる,
64,アクティブ,カースイーター,200,-2,カース状態の敵1体に4倍のダメージ,
64,アクティブ,カースアタック,130,-1,敵1体に0.75倍のダメージを与え、カース状態にする,
64,アクティブ,2体攻撃,200,4,敵2体に0.75倍のダメージ,
64,パッシブ,オートカース,,,戦闘に参加した時、ランダムな敵1体をカース状態にする,
65,アクティブ,ライフフリップ,130,-2,現在のHPと失ったHPを交換する。各戦闘で1回のみ使用できる,
65,アクティブ,クリティカルストライク,200,-2,敵2体に4倍のダメージ,HP50%以下で使用可能
65,アクティブ,バイタルブロー,230,-2,敵2体に1.75倍のダメージ,HP75%以上で使用できる
65,アクティブ,全体攻撃,250,5,敵全体に0.5倍のダメージ,
65,パッシブ,アイアンハート,,,HPが1より多い状態で初めて致命的なダメージを受けた際、代わりにHP1の状態で生き残る,
66,アクティブ,ライフフリップ,130,-2,現在のHPと失ったHPを交換する。各戦闘で1回のみ使用できる,
66,アクティブ,クリティカルストライク,150,-1,敵1体に5倍のダメージ,HP50%以下で使用可能
66,アクティブ,バイタルブロー,230,-2,敵2体に1.75倍のダメージ,HP75%以上で使用できる
66,アクティブ,2体攻撃,200,4,敵2体に0.75倍のダメージ,
66,パッシブ,アイアンハート,,,HPが1より多い状態で初めて致命的なダメージを受けた際、代わりにHP1の状態で生き残る,
67,アクティブ,タイムボム,300,-2,敵2体に1倍-4倍のダメージを与える。ダメージは対象とする各敵の現在のTUに比例する,
67,アクティブ,ペインストライク,280,-2,敵2体に2倍のダメージを与え、反動ダメージを受ける,
67,アクティブ,強攻撃,350,-4,敵全体に1.25倍のダメージ,
67,アクティブ,攻撃,150,3,敵1体に1倍のダメージ,
67,パッシブ,オート特攻ブースト,,,戦闘に参加した時、自身の特攻が上昇する,
68,アクティブ,俊敏性アップ,100,-1,自身のアクティブスキルのTUを20%減少させる,
68,アクティブ,チャージインパクト,200,-2,自身のチャージ状態を解除し、敵1体に5倍のダメージ,チャージ状態の時のみ使用できる
68,アクティブ,チャージブースト,200,-1,チャージ状態になり、自身の物理攻撃力を上げる。すでにチャージ状態の時には使用できない,
68,アクティブ,2体攻撃,200,4,敵2体に0.75倍のダメージ,
68,パッシブ,チャージアドバンス,,,戦闘に参加した時、チャージ状態になる,
69,アクティブ,サバイバルストライク,200,-2,敵1体に5倍のダメージ,戦闘に参加してから300TU以上経過後に使用できる
69,アクティブ,タイムボム,250,-1,敵1体に2倍-6倍のダメージを与える。ダメージは対象とする各敵の現在のTUに比例する,
69,アクティブ,強攻撃,350,-4,敵全体に1.25倍のダメージ,
69,アクティブ,攻撃,150,3,敵1体に1倍のダメージ,
69,パッシブ,オート物攻ブースト,,,戦闘に参加した時、自身の物攻が上昇する,
70,アクティブ,タイムボム,300,-2,敵2体に1倍-4倍のダメージを与える。ダメージは対象とする各敵の現在のTUに比例する,
70,アクティブ,ペインストライク,330,-3,敵全体に1.5倍のダメージを与え、反動ダメージを受ける,
70,アクティブ,強攻撃,350,-4,敵全体に1.25倍のダメージ,
70,アクティブ,2体攻撃,200,4,敵2体に0.75倍のダメージ,
70,パッシブ,オート特攻ブースト,,,戦闘に参加した時、自身の特攻が上昇する,
71,アクティブ,物攻アップ,100,1,自身の物理攻撃力を上げる,
71,アクティブ,ポイズンイーター,250,-2,ポイズン状態の敵1体に5倍のダメージ,
71,アクティブ,ポイズンアタック,130,-1,敵1体に0.75倍のダメージを与え、ポイズン状態にする,
71,アクティブ,2体攻撃,200,4,敵2体に0.75倍のダメージ,
71,パッシブ,ポイズンリベンジ,,,このユニットを倒した敵1体をポイズン状態にする,
72,アクティブ,物攻アップ,100,1,自身の物理攻撃力を上げる,
72,アクティブ,カースイーター,200,-2,カース状態の敵1体に4倍のダメージ,
72,アクティブ,カースアタック,130,-1,敵1体に0.75倍のダメージを与え、カース状態にする,
72,アクティブ,ペインアタック,130,2,敵1体に1.25倍のダメージを与え、反動ダメージを受ける,
72,パッシブ,カースリベンジ,,,このユニットを倒した敵は、カース状態になる,
73,アクティブ,タイムボム,250,-1,敵1体に2倍-6倍のダメージを与える。ダメージは対象とする各敵の現在のTUに比例する,
73,アクティブ,ペインストライク,280,-2,敵2体に2倍のダメージを与え、反動ダメージを受ける,
73,アクティブ,強攻撃,350,-4,敵全体に1.25倍のダメージ,
73,アクティブ,2体攻撃,200,4,敵2体に0.75倍のダメージ,
73,パッシブ,オート物攻ブースト,,,戦闘に参加した時、自身の物攻が上昇する,
74,アクティブ,タイムボム,300,-2,敵2体に1倍-4倍のダメージを与える。ダメージは対象とする各敵の現在のTUに比例する,
74,アクティブ,ペインストライク,280,-2,敵2体に2倍のダメージを与え、反動ダメージを受ける,
74,アクティブ,強攻撃,350,-4,敵全体に1.25倍のダメージ,
74,アクティブ,2体攻撃,200,4,敵2体に0.75倍のダメージ,
74,パッシブ,オート特攻ブースト,,,戦闘に参加した時、自身の特攻が上昇する,
75,アクティブ,クリティカルストライク,200,-2,敵2体に4倍のダメージ,HP50%以下で使用可能
75,アクティブ,ペインストライク,280,-2,敵2体に2倍のダメージを与え、反動ダメージを受ける,
75,アクティブ,タイムボム,300,-2,敵2体に1倍-4倍のダメージを与える。ダメージは対象とする各敵の現在のTUに比例する,
75,アクティブ,攻撃,150,3,敵1体に1倍のダメージ,
75,パッシブ,オート特攻ブースト,,,戦闘に参加した時、自身の特攻が上昇する,
76,アクティブ,物攻アップ,100,1,自身の物理攻撃力を上げる,
76,アクティブ,カースイーター,200,-2,カース状態の敵1体に4倍のダメージ,
76,アクティブ,カースアタック,130,-1,敵1体に0.75倍のダメージを与え、カース状態にする,
76,アクティブ,2体攻撃,200,4,敵2体に0.75倍のダメージ,
76,パッシブ,オートカース,,,戦闘に参加した時、ランダムな敵1体をカース状態にする,
77,アクティブ,ブロック++,200,-3,ブロック状態となり、このユニットが敵の攻撃をひきつける,
77,アクティブ,クリティカルストライク,150,-1,敵1体に5倍のダメージ,HP50%以下で使用可能
77,アクティブ,バイタルブロー,180,-1,敵1体に2.5倍のダメージ,HP75%以上で使用できる
77,アクティブ,2体攻撃,200,4,敵2体に0.75倍のダメージ,
77,パッシブ,アイアンハート,,,HPが1より多い状態で初めて致命的なダメージを受けた際、代わりにHP1の状態で生き残る,
78,アクティブ,レイジストライク,200,-2,敵1体に4倍のダメージ,レイジ状態の時に使用できる
78,アクティブ,憤怒（レイジ）,100,0,レイジ状態になる,
78,アクティブ,リベンジブロー,230,-3,戦闘中に味方を倒した敵2体に2倍のダメージ,
78,アクティブ,ペインアタック,180,3,敵2体に1倍のダメージを与え、反動ダメージを受ける,
78,パッシブ,オートレイジ,,,戦闘に参加した時、レイジ状態になる,
79,アクティブ,ポイズンイーター,300,-2,ポイズン状態の敵2体に4倍のダメージ,
79,アクティブ,ポイズンアタック,150,-2,敵2体に0.5倍のダメージを与え、ポイズン状態にする,
79,アクティブ,タイムボム,300,-2,敵2体に1倍-4倍のダメージを与える。ダメージは対象とする各敵の現在のTUに比例する,
79,アクティブ,攻撃,150,3,敵1体に1倍のダメージ,
79,パッシブ,ポイズンリベンジ,,,このユニットを倒した敵1体をポイズン状態にする,
80,アクティブ,ブロック++,200,-3,ブロック状態となり、このユニットが敵の攻撃をひきつける,
80,アクティブ,クリティカルストライク,150,-1,敵1体に5倍のダメージ,HP50%以下で使用可能
80,アクティブ,バイタルブロー,180,-1,敵1体に2.5倍のダメージ,HP75%以上で使用できる
80,アクティブ,攻撃,150,3,敵1体に1倍のダメージ,
80,パッシブ,アイアンハート,,,HPが1より多い状態で初めて致命的なダメージを受けた際、代わりにHP1の状態で生き残る,
81,アクティブ,ブロック++,200,-3,ブロック状態となり、このユニットが敵の攻撃をひきつける,
81,アクティブ,クリティカルストライク,150,-1,敵1体に5倍のダメージ,HP50%以下で使用可能
81,アクティブ,バイタルブロー,180,-1,敵1体に2.5倍のダメージ,HP75%以上で使用できる
81,アクティブ,2体攻撃,200,4,敵2体に0.75倍のダメージ,
81,パッシブ,アイアンハート,,,HPが1より多い状態で初めて致命的なダメージを受けた際、代わりにHP1の状態で生き残る,
82,アクティブ,ブロック++,200,-3,ブロック状態となり、このユニットが敵の攻撃をひきつける,
82,アクティブ,クリティカルストライク,150,-1,敵1体に5倍のダメージ,HP50%以下で使用可能
82,アクティブ,バイタルブロー,180,-1,敵1体に2.5倍のダメージ,HP75%以上で使用できる
82,アクティブ,攻撃,150,3,敵1体に1倍のダメージ,
82,パッシブ,アイアンハート,,,HPが1より多い状態で初めて致命的なダメージを受けた際、代わりにHP1の状態で生き残る,
83,アクティブ,物攻アップ,100,1,自身の物理攻撃力を上げる,
83,アクティブ,ポイズンイーター,250,-2,ポイズン状態の敵1体に5倍のダメージ,
83,アクティブ,ポイズンアタック,130,-1,敵1体に0.75倍のダメージを与え、ポイズン状態にする,
83,アクティブ,ペインアタック,230,4,敵全体に0.75倍のダメージを与え、反動ダメージを受ける,
83,パッシブ,ポイズンリベンジ,,,このユニットを倒した敵1体をポイズン状態にする,
84,アクティブ,ブロック++,200,-3,ブロック状態となり、このユニットが敵の攻撃をひきつける,
84,アクティブ,クリティカルストライク,150,-1,敵1体に5倍のダメージ,HP50%以下で使用可能
84,アクティブ,バイタルブロー,180,-1,敵1体に2.5倍のダメージ,HP75%以上で使用できる
84,アクティブ,2体攻撃,200,4,敵2体に0.75倍のダメージ,
84,パッシブ,アイアンハート,,,HPが1より多い状態で初めて致命的なダメージを受けた際、代わりにHP1の状態で生き残る,
85,アクティブ,ロンリーストライク,150,-2,敵1体に5倍のダメージ,1人で戦っている時に使用できる
85,アクティブ,チャージインパクト,250,-2,自身のチャージ状態を解除し、敵2体に4倍のダメージ,チャージ状態の時のみ使用できる
85,アクティブ,チャージ,150,-1,チャージ状態になる,すでにチャージ状態の時には使用できない
85,アクティブ,全体攻撃,250,5,敵全体に0.5倍のダメージ,
85,パッシブ,スリープエントリー,,,増援から戦闘に参加した時、TUが最も低い敵をスリープ状態にする,
86,アクティブ,俊敏性アップ,100,-1,自身のアクティブスキルのTUを20％減少させる,
86,アクティブ,チャージインパクト,250,-2,自身のチャージ状態を解除し、敵2体に4倍のダメージ,チャージ状態の時のみ使用できる
86,アクティブ,チャージ,150,-1,チャージ状態になる,すでにチャージ状態の時には使用できない
86,アクティブ,全体攻撃,250,5,敵全体に0.5倍のダメージ,
86,パッシブ,オートMP+2,,,戦闘に参加した時、2MPを得る,
87,アクティブ,俊敏性アップ,100,-1,自身のアクティブスキルのTUを20%減少させる,
87,アクティブ,ロンリーストライク,150,-2,敵1体に5倍のダメージ,1人で戦っている時に使用できる
87,アクティブ,強攻撃,250,-2,敵1体に2.5倍のダメージ,
87,アクティブ,ペインアタック,230,4,敵全体に0.75倍のダメージを与え、反動ダメージを受ける,
87,パッシブ,スリープエントリー,,,増援から戦闘に参加した時、TUが最も低い敵をスリープ状態にする,
88,アクティブ,ライフフリップ,130,-2,現在のHPと失ったHPを交換する。各戦闘で1回のみ使用できる,
88,アクティブ,俊敏性アップ,100,-1,自身のアクティブスキルのTUを20%減少させる,
88,アクティブ,サバイバルストライク,300,-3,敵2体に4倍のダメージ,戦闘に参加してから300TU以上経過後に使用できる
88,アクティブ,全体攻撃,250,5,敵全体に0.5倍のダメージ,
88,パッシブ,スリープリベンジ++,,,このユニットを倒した敵1体をスリープ状態にする,
89,アクティブ,チャージインパクト,250,-2,自身のチャージ状態を解除し、敵2体に4倍のダメージ,チャージ状態の時のみ使用できる
89,アクティブ,チャージ,150,-1,チャージ状態になる,すでにチャージ状態の時には使用できない
89,アクティブ,ペインストライク,330,-3,敵全体に1.5倍のダメージを与え、反動ダメージを受ける,
89,アクティブ,攻撃,150,3,敵1体に1倍のダメージ,
89,パッシブ,アイアンハート,,,HPが1より多い状態で初めて致命的なダメージを受けた際、代わりにHP1の状態で生き残る,
90,アクティブ,ドリームイーター,300,-2,スリープ状態の敵1体に6倍のダメージ,
90,アクティブ,レイジストライク,250,-2,敵2体に3倍のダメージ,レイジ状態の時に使用できる
90,アクティブ,憤怒（レイジ）,100,0,レイジ状態になる,
90,アクティブ,2体攻撃,200,4,敵2体に0.75倍のダメージ,
90,パッシブ,オートMP+2,,,戦闘に参加した時、2MPを得る,
91,アクティブ,ライフフリップ,130,-2,現在のHPと失ったHPを交換する。各戦闘で1回のみ使用できる,
91,アクティブ,ロンリーストライク,150,-2,敵1体に5倍のダメージ,1人で戦っている時に使用できる
91,アクティブ,ペインストライク,280,-2,敵2体に2倍のダメージを与え、反動ダメージを受ける,
91,アクティブ,全体攻撃,250,5,敵全体に0.5倍のダメージ,
91,パッシブ,スリープエントリー,,,増援から戦闘に参加した時、TUが最も高い敵をスリープ状態にする,
92,アクティブ,チャージインパクト,150,-1,自身のチャージ状態を解除し、敵1体に5倍のダメージ,チャージ状態の時のみ使用できる
92,アクティブ,リベンジブロー,180,-2,戦闘中に味方を倒した敵に3倍のダメージ,
92,アクティブ,強攻撃,250,-2,敵1体に2.5倍のダメージ,
92,アクティブ,全体攻撃,280,4,敵全体に0.75倍のダメージ,
92,パッシブ,チャージアドバンス,,,戦闘に参加した時、チャージ状態になる,
93,アクティブ,ディフェンスブースト,100,1,自身の特殊防御力と物理防御力を上げる,
93,アクティブ,サバイバルストライク,200,-2,敵1体に5倍のダメージ,戦闘に参加してから300TU以上経過後に使用できる
93,アクティブ,クリティカルストライク,150,-1,敵1体に5倍のダメージ,HP50%以下で使用可能
93,アクティブ,ペインアタック,180,3,敵2体に1倍のダメージを与え、反動ダメージを受ける,
93,パッシブ,スタンリベンジ++,,,このユニットを倒した敵1体を300TUの間、スタン状態にする,
94,アクティブ,ロンリーストライク,200,-3,敵2体に4倍のダメージ,1人で戦っている時に使用できる
94,アクティブ,チャージインパクト,250,-2,自身のチャージ状態を解除し、敵2体に4倍のダメージ,チャージ状態の時のみ使用できる
94,アクティブ,チャージ,150,-1,チャージ状態になる,すでにチャージ状態の時には使用できない
94,アクティブ,全体攻撃,230,4,敵全体に0.5倍のダメージ,
94,パッシブ,スリープエントリー,,,増援から戦闘に参加した時、TUが最も低い敵をスリープ状態にする,
95,アクティブ,バイタルブロー,230,-2,敵2体に1.75倍のダメージ,HP75%以上で使用できる
95,アクティブ,クリティカルストライク,200,-2,敵2体に4倍のダメージ,HP50%以下で使用可能
95,アクティブ,俊敏性アップ,100,-1,自身のアクティブスキルのTUを20%減少させる,
95,アクティブ,2体攻撃,200,4,敵2体に0.75倍のダメージ,
95,パッシブ,ディフェンスブースト,,,戦闘に参加した時、特殊防御力と物理防御力が増加する,
96,アクティブ,ライフフリップ,130,-2,現在のHPと失ったHPを交換する。各戦闘で1回のみ使用できる,
96,アクティブ,レイジストライク,250,-2,敵2体に3倍のダメージ,レイジ状態の時に使用できる
96,アクティブ,憤怒（レイジ）,100,0,レイジ状態になる,
96,アクティブ,全体攻撃,250,5,敵全体に0.5倍のダメージ,
96,パッシブ,スタンエントリー,,,増援から戦闘に参加した時、TUが最も高い敵を300TUの間スタン状態にする,
97,アクティブ,マーダーストライク,200,-3,敵2体に4倍のダメージ。戦闘中、敵を2体倒すと使用できる,
97,アクティブ,カースイーター,200,-2,カース状態の敵1体に4倍のダメージ,
97,アクティブ,カースアタック,150,-2,敵2体に0.5倍のダメージを与え、カース状態にする,
97,アクティブ,2体攻撃,200,4,敵2体に0.75倍のダメージ,
97,パッシブ,スタンエントリー,,,増援から戦闘に参加した時、TUが最も高い敵を300TUの間スタン状態にする,
98,アクティブ,カースイーター,200,-2,カース状態の敵1体に4倍のダメージ,
98,アクティブ,強攻撃,250,-2,敵1体に2.5倍のダメージ,
98,アクティブ,リベンジブロー,180,-2,戦闘中に味方を倒した敵に3倍のダメージ,
98,アクティブ,2体攻撃,200,4,敵2体に0.75倍のダメージ,
98,パッシブ,オートカース,,,戦闘に参加した時、ランダムな敵1体をカース状態にする,
99,アクティブ,俊敏性アップ,100,-1,自身のアクティブスキルのTUを20%減少させる,
99,アクティブ,タイムボム,250,-1,敵1体に2倍-6倍のダメージを与える。ダメージは対象とする各敵の現在のTUに比例する,
99,アクティブ,ペインストライク,280,-2,敵2体に2倍のダメージを与え、反動ダメージを受ける,
99,アクティブ,全体攻撃,250,5,敵全体に0.5倍のダメージ,
99,パッシブ,スタンエントリー,,,増援から戦闘に参加した時、ランダムな敵を300TUの間スタン状態にする,
100,アクティブ,マーダーストライク,150,-2,敵1体に5倍のダメージ。戦闘中、敵を2体倒すと使用できる,
100,アクティブ,強攻撃,350,-4,敵全体に1.25倍のダメージ,
100,アクティブ,強攻撃,300,-3,敵2体に1.75倍のダメージ,
100,アクティブ,ペインアタック,230,4,敵全体に0.75倍のダメージを与え、反動ダメージを受ける,
100,パッシブ,オートMP+2,,,戦闘に参加した時、2MPを得る,
101,アクティブ,クリティカルストライク,200,-2,敵2体に4倍のダメージ,HP50%以下で使用可能
101,アクティブ,サバイバルストライク,200,-2,敵1体に5倍のダメージ,戦闘に参加してから300TU以上経過後に使用できる
101,アクティブ,バイタルブロー,230,-2,敵2体に1.75倍のダメージ,
101,アクティブ,ペインアタック,230,4,敵全体に0.75倍のダメージを与え、反動ダメージを受ける,
101,パッシブ,アイアンハート,,,HPが1より多い状態で初めて致命的なダメージを受けた際、代わりにHP1の状態で生き残る,
102,アクティブ,ライフフリップ,130,-2,現在のHPと失ったHPを交換する。各戦闘で1回のみ使用できる,
102,アクティブ,レイジストライク,250,-2,敵2体に3倍のダメージ,レイジ状態の時に使用できる
102,アクティブ,憤怒（レイジ）,100,0,レイジ状態になる,
102,アクティブ,2体攻撃,200,4,敵2体に0.75倍のダメージ,
102,パッシブ,オートレイジ,,,戦闘に参加した時、レイジ状態になる,
103,アクティブ,ディフェンスブースト,100,1,自身の特殊防御力と物理防御力を上げる,
103,アクティブ,チャージインパクト,250,-2,自身のチャージ状態を解除し、敵2体に4倍のダメージ,チャージ状態の時のみ使用できる
103,アクティブ,チャージブースト,200,-1,チャージ状態になり、自身の物理攻撃力を上げる,すでにチャージ状態の時には使用できない
103,アクティブ,攻撃,150,3,敵1体に1倍のダメージ,
103,パッシブ,オートMP+2,,,戦闘に参加した時、2MPを得る,
104,アクティブ,ブロック++,200,-3,ブロック状態となり、このユニットが敵の攻撃をひきつける,
104,アクティブ,チャージインパクト,250,-2,自身のチャージ状態を解除し、敵2体に4倍のダメージ,チャージ状態の時のみ使用できる
104,アクティブ,チャージ,150,-1,チャージ状態になる,すでにチャージ状態の時には使用できない
104,アクティブ,2体攻撃,200,4,敵2体に0.75倍のダメージ,
104,パッシブ,アイアンハート,,,HPが1より多い状態で初めて致命的なダメージを受けた際、代わりにHP1の状態で生き残る,
105,アクティブ,物攻アップ,100,1,自身の物理攻撃力を上げる,
105,アクティブ,チャージインパクト,150,-1,自身のチャージ状態を解除し、敵1体に5倍のダメージ,チャージ状態の時のみ使用できる
105,アクティブ,チャージ,150,-1,チャージ状態になる,すでにチャージ状態の時には使用できない
105,アクティブ,全体攻撃,250,5,敵全体に0.5倍のダメージ,
105,パッシブ,アイアンハート,,,HPが1より多い状態で初めて致命的なダメージを受けた際、代わりにHP1の状態で生き残る,
106,アクティブ,特攻アップ,100,1,自身の特殊攻撃力を上げる,
106,アクティブ,サバイバルストライク,300,-3,敵2体に4倍のダメージ,戦闘に参加してから300TU以上経過後に使用できる
106,アクティブ,バイタルブロー,230,-2,敵2体に1.75倍のダメージ,HP75％以上で使用できる
106,アクティブ,攻撃,150,3,敵1体に1倍のダメージ,
106,パッシブ,ポイズンエントリー,,,増援から戦闘に参加した時、ランダムな敵1体をポイズン状態にする,
107,アクティブ,タイムボム,250,-1,敵1体に2倍-6倍のダメージを与える。ダメージは対象とする各敵の現在のTUに比例する,
107,アクティブ,リベンジブロー,180,-2,戦闘中に味方を倒した敵に3倍のダメージ,
107,アクティブ,強攻撃,300,-3,敵2体に1.75倍のダメージ,
107,アクティブ,ペインアタック,130,2,敵1体に1.25倍のダメージを与え、反動ダメージを受ける,
107,パッシブ,ディフェンスブースト,,,戦闘に参加した時、特殊防御力と物理防御力が増加する,
108,アクティブ,マーダーストライク,150,-2,敵1体に5倍のダメージ。戦闘中、敵を2体倒すと使用できる,
108,アクティブ,カースイーター,400,-2,カース状態の敵1体に6倍のダメージ,
108,アクティブ,カースアタック,150,-2,敵2体に0.5倍のダメージを与え、カース状態にする,
108,アクティブ,2体攻撃,180,3,敵2体に0.75倍のダメージ,
108,パッシブ,アイアンハート,,,HPが1より多い状態で初めて致命的なダメージを受けた際、代わりにHP1の状態で生き残る,
109,アクティブ,ドリームイーター,300,-2,スリープ状態の敵1体に6倍のダメージ,
109,アクティブ,チャージインパクト,250,-2,自身のチャージ状態を解除し、敵2体に4倍のダメージ,チャージ状態の時のみ使用できる
109,アクティブ,チャージブースト,200,-1,チャージ状態になり、自身の物理攻撃力を上げる,すでにチャージ状態の時には使用できない
109,アクティブ,2体攻撃,200,4,敵2体に0.75倍のダメージ,
109,パッシブ,スリープエントリー,,,増援から戦闘に参加した時、ランダムな敵1体をスリープ状態にする,
110,アクティブ,ブロック++,200,-3,ブロック状態となり、このユニットが敵の攻撃をひきつける,
110,アクティブ,チャージインパクト,150,-1,敵1体に5倍のダメージ,チャージ状態のときに使用できる
110,アクティブ,チャージ,150,-1,チャージ状態になる,すでにチャージ状態の時には使用できない
110,アクティブ,全体攻撃,250,5,敵全体に0.5倍のダメージ,
110,パッシブ,アイアンハート,,,HPが1より多い状態で初めて致命的なダメージを受けた際、代わりにHP1の状態で生き残る,
111,アクティブ,俊敏性アップ,100,-1,自身のアクティブスキルのTUを20%減少させる,
111,アクティブ,レイジストライク,200,-2,敵1体に4倍のダメージ,レイジ状態の時に使用できる
111,アクティブ,憤怒（レイジ）,100,0,レイジ状態になる,
111,アクティブ,全体攻撃,250,5,敵全体に0.5倍のダメージ,
111,パッシブ,アイアンハート,,,HPが1より多い状態で初めて致命的なダメージを受けた際、代わりにHP1の状態で生き残る,
112,アクティブ,マーダーストライク,150,-2,敵1体に5倍のダメージ。戦闘中、敵を2体倒すと使用できる,
112,アクティブ,カースイーター,250,-2,敵2体を攻撃する。カース状態の敵に3倍のダメージ,
112,アクティブ,カースアタック,150,-2,敵2体に0.5倍のダメージを与え、カース状態にする,
112,アクティブ,全体攻撃,250,5,敵全体に0.5倍のダメージ,
112,パッシブ,アイアンハート,,,HPが1より多い状態で初めて致命的なダメージを受けた際、代わりにHP1の状態で生き残る,
113,アクティブ,クリティカルストライク,150,-1,敵1体に5倍のダメージ,HP50%以下で使用可能
113,アクティブ,タイムボム,300,-2,敵2体に1倍-4倍のダメージを与える。ダメージは対象とする各敵の現在のTUに比例する,
113,アクティブ,強攻撃,300,-3,敵2体に1.75倍のダメージ,
113,アクティブ,2体攻撃,200,4,敵2体に0.75倍のダメージ,
113,パッシブ,スタンエントリー,,,増援から戦闘に参加した時、ランダムな敵を300TUの間スタン状態にする,
114,アクティブ,ドリームイーター,300,-2,スリープ状態の敵1体に6倍のダメージ,
114,アクティブ,物攻アップ,100,1,自身の物理攻撃力を上げる,
114,アクティブ,クリティカルストライク,150,-1,敵1体に5倍のダメージ,HP50%以下で使用可能
114,アクティブ,全体攻撃,250,5,敵全体に0.5倍のダメージ,
114,パッシブ,ポイズンエントリー,,,増援から戦闘に参加した時、ランダムな敵1体をポイズン状態にする,
115,アクティブ,ライフフリップ,180,-1,現在のHPと失ったHPを交換する。各戦闘で1回のみ使用できる,
115,アクティブ,チャージインパクト,250,-2,自身のチャージ状態を解除し、敵2体に4倍のダメージ,チャージ状態の時のみ使用できる
115,アクティブ,チャージブースト,200,-1,チャージ状態になり、自身の物理攻撃力を上げる,すでにチャージ状態の時には使用できない
115,アクティブ,全体攻撃,250,5,敵全体に0.5倍のダメージ,
115,パッシブ,アイアンハート,,,HPが1より多い状態で初めて致命的なダメージを受けた際、代わりにHP1の状態で生き残る,
116,アクティブ,マーダーストライク,200,-3,敵2体に4倍のダメージ。戦闘中、敵を2体倒すと使用できる,
116,アクティブ,レイジストライク,250,-2,敵2体に3倍のダメージ,レイジ状態の時に使用できる
116,アクティブ,憤怒（レイジ）,100,0,レイジ状態になる,
116,アクティブ,全体攻撃,250,5,敵全体に0.5倍のダメージ,
116,パッシブ,ディフェンスブースト,,,戦闘に参加した時、特殊防御力と物理防御力が増加する,
117,アクティブ,マーダーストライク,200,-3,敵2体に4倍のダメージ。戦闘中、敵を2体倒すと使用できる,
117,アクティブ,タイムボム,250,-1,敵1体に2倍-6倍のダメージを与える。ダメージは対象とする各敵の現在のTUに比例する,
117,アクティブ,クリティカルストライク,150,-1,敵1体に5倍のダメージ,HP50%以下で使用可能
117,アクティブ,全体攻撃,250,5,敵全体に0.5倍のダメージ,
117,パッシブ,オートMP+2,,,戦闘に参加した時、2MPを得る,
118,アクティブ,ライフフリップ,180,-1,現在のHPと失ったHPを交換する。各戦闘で1回のみ使用できる,
118,アクティブ,カースイーター,200,-2,カース状態の敵1体に4倍のダメージ,
118,アクティブ,カースアタック,130,-1,敵1体に0.75倍のダメージを与え、カース状態にする,
118,アクティブ,ペインアタック,230,4,敵全体に0.75倍のダメージを与え、反動ダメージを受ける,
118,パッシブ,ディフェンスブースト,,,戦闘に参加した時、特殊防御力と物理防御力が増加する,
119,アクティブ,俊敏性アップ,100,-1,自身のアクティブスキルのTUを20％減少させる,
119,アクティブ,サバイバルストライク,300,-3,敵2体に4倍のダメージ,戦闘に参加してから300TU以上経過後に使用できる
119,アクティブ,バイタルブロー,230,-2,敵2体に1.75倍のダメージ,HP75％以上で使用できる
119,アクティブ,全体攻撃,250,5,敵全体に0.5倍のダメージ,
119,パッシブ,スリープリベンジ++,,,このユニットを倒した敵1体をスリープ状態にする,
120,アクティブ,ライフフリップ,130,-2,現在のHPと失ったHPを交換する。各戦闘で1回のみ使用できる,
120,アクティブ,クリティカルストライク,350,-3,敵全体に2.5倍のダメージ,HP50%以上で使用可能
120,アクティブ,タイムボム,300,-2,敵2体に1倍-4倍のダメージを与える。ダメージは対象とする各敵の現在のTUに比例する,
120,アクティブ,2体攻撃,200,4,敵2体に0.75倍のダメージ,
120,パッシブ,スタンエントリー,,,増援から戦闘に参加した時、ランダムな敵を300TUの間スタン状態にする,
121,アクティブ,サバイバルストライク,200,-2,敵1体に5倍のダメージ,戦闘に参加してから300TU以上経過後に使用できる
121,アクティブ,俊敏性アップ,100,-1,自身のアクティブスキルのTUを20%減少させる,
121,アクティブ,タイムボム,250,-1,敵1体に2倍-6倍のダメージを与える。ダメージは対象とする各敵の現在のTUに比例する,
121,アクティブ,2体攻撃,200,4,敵2体に0.75倍のダメージ,
121,パッシブ,ポイズンリベンジ,,,このユニットを倒した敵1体をポイズン状態にする,
122,アクティブ,ライフフリップ,130,-2,現在のHPと失ったHPを交換する。各戦闘で1回のみ使用できる,
122,アクティブ,サバイバルストライク,300,-3,敵2体に4倍のダメージ,戦闘に参加してから300TU以上経過後に使用できる
122,アクティブ,レイジストライク,250,-2,敵2体に3倍のダメージ,レイジ状態の時に使用できる
122,アクティブ,全体攻撃,250,5,敵全体に0.5倍のダメージ,
122,パッシブ,オートレイジ,,,戦闘に参加した時、レイジ状態になる,
123,アクティブ,クリティカルストライク,200,-2,敵2体に4倍のダメージ,HP50%以下で使用可能
123,アクティブ,憤怒（レイジ）,100,0,レイジ状態になる,
123,アクティブ,ペインストライク,330,-3,敵全体に1.5倍のダメージを与え、反動ダメージを受ける,
123,アクティブ,全体攻撃,250,5,敵全体に0.5倍のダメージ,
123,パッシブ,アイアンハート,,,HPが1より多い状態で初めて致命的なダメージを受けた際、代わりにHP1の状態で生き残る,
124,アクティブ,ライフフリップ,130,-2,現在のHPと失ったHPを交換する。各戦闘で1回のみ使用できる,
124,アクティブ,サバイバルストライク,300,-3,敵2体に4倍のダメージ,戦闘に参加してから300TU以上経過後に使用できる
124,アクティブ,バイタルブロー,230,-2,敵2体に1.75倍のダメージ,HP75％以上で使用できる
124,アクティブ,2体攻撃,200,4,敵2体に0.75倍のダメージ,
124,パッシブ,俊敏性ダウンリベンジ,,,このユニットを倒した敵1体のアクティブスキルのTUを増加させる,
125,アクティブ,ライフフリップ,130,-2,現在のHPと失ったHPを交換する。各戦闘で1回のみ使用できる,
125,アクティブ,ブロック++,200,-3,ブロック状態となり、このユニットが敵の攻撃をひきつける,
125,アクティブ,サバイバルストライク,200,-2,敵1体に5倍のダメージ,戦闘に参加してから300TU以上経過後に使用できる
125,アクティブ,2体攻撃,200,4,敵2体に0.75倍のダメージ,
125,パッシブ,スリープリベンジ++,,,このユニットを倒した敵1体をスリープ状態にする,
126,アクティブ,ライフフリップ,130,-2,現在のHPと失ったHPを交換する。各戦闘で1回のみ使用できる,
126,アクティブ,マーダーストライク,200,-3,敵2体に4倍のダメージ。戦闘中、敵を2体倒すと使用できる,
126,アクティブ,バイタルブロー,230,-2,敵2体に1.75倍のダメージ,HP75％以上で使用できる
126,アクティブ,2体攻撃,200,4,敵2体に0.75倍のダメージ,
126,パッシブ,俊敏性ダウンエントリー,,,増援から戦闘に参加した時、ランダムな敵1体のアクティブスキルのTUを増加させる,
127,アクティブ,ディフェンスブースト,100,1,自身の特殊防御力と物理防御力を上げる,
127,アクティブ,タイムボム,250,-1,敵1体に2倍-6倍のダメージを与える。ダメージは対象とする各敵の現在のTUに比例する,
127,アクティブ,リベンジブロー,180,-2,戦闘中に味方を倒した敵に3倍のダメージ,
127,アクティブ,2体攻撃,180,3,敵2体に0.75倍のダメージ,
127,パッシブ,オート物攻ブースト,,,戦闘に参加した時、自身の物攻が上昇する,
128,アクティブ,マーダーストライク,150,-2,敵1体に5倍のダメージ。戦闘中、敵を2体倒すと使用できる,
128,アクティブ,タイムボム,250,-1,敵1体に2倍-6倍のダメージを与える,
128,アクティブ,強攻撃,250,-2,敵1体に2.5倍のダメージ,
128,アクティブ,ペインアタック,130,2,敵1体に1.25倍のダメージを与え、反動ダメージを受ける,
128,パッシブ,スタンエントリー,,,増援から戦闘に参加した時、ランダムな敵を300TUの間スタン状態にする,
129,アクティブ,クリティカルストライク,150,-1,敵1体に5倍のダメージ,HP50%以下で使用可能
129,アクティブ,バイタルブロー,230,-2,敵2体に1.75倍のダメージ,HP75%以上で使用できる
129,アクティブ,強攻撃,350,-4,敵全体に1.25倍のダメージ,
129,アクティブ,ペインアタック,180,3,敵2体に1倍のダメージを与え、反動ダメージを受ける,
129,パッシブ,ポイズンリベンジ,,,このユニットを倒した敵1体をポイズン状態にする,
130,アクティブ,俊敏性アップ,100,-1,自身のアクティブスキルのTUを20%減少させる,
130,アクティブ,レイジストライク,250,-2,敵2体に3倍のダメージ,レイジ状態の時に使用できる
130,アクティブ,憤怒（レイジ）,100,0,レイジ状態になる,
130,アクティブ,全体攻撃,250,5,敵全体に0.5倍のダメージ,
130,パッシブ,オートレイジ,,,戦闘に参加した時、レイジ状態になる,
131,アクティブ,ブロック++,200,-3,ブロック状態となり、このユニットが敵の攻撃をひきつける,
131,アクティブ,カースイーター,200,-2,カース状態の敵1体に4倍のダメージ,
131,アクティブ,カースアタック,130,-1,敵1体に0.75倍のダメージを与え、カース状態にする,
131,アクティブ,全体攻撃,250,5,敵全体に0.5倍のダメージ,
131,パッシブ,アイアンハート,,,HPが1より多い状態で初めて致命的なダメージを受けた際、代わりにHP1の状態で生き残る,
132,アクティブ,クリティカルストライク,150,-1,敵1体に5倍のダメージ,HP50%以下で使用可能
132,アクティブ,カースイーター,250,-2,敵2体を攻撃する。カース状態の敵に3倍のダメージ,
132,アクティブ,カースアタック,130,-1,敵1体に0.75倍のダメージを与え、カース状態にする,
132,アクティブ,2体攻撃,200,4,敵2体に0.75倍のダメージ,
132,パッシブ,オートカース,,,戦闘に参加した時、ランダムな敵1体をカース状態にする,
133,アクティブ,クリティカルストライク,200,-2,敵2体に4倍のダメージ,HP50%以下で使用可能
133,アクティブ,憤怒（レイジ）,100,0,レイジ状態になる,
133,アクティブ,ペインストライク,330,-3,敵全体に1.5倍のダメージを与え、反動ダメージを受ける,
133,アクティブ,2体攻撃,200,4,敵2体に0.75倍のダメージ,
133,パッシブ,アイアンハート,,,HPが1より多い状態で初めて致命的なダメージを受けた際、代わりにHP1の状態で生き残る,
134,アクティブ,ブロック++,300,-2,ブロック状態となり、このユニットが敵の攻撃をひきつける,
134,アクティブ,カースイーター,200,-2,カース状態の敵1体に4倍のダメージ,
134,アクティブ,カースアタック,150,-2,敵2体に0.5倍のダメージを与え、カース状態にする,
134,アクティブ,2体攻撃,200,4,敵2体に0.75倍のダメージ,
134,パッシブ,アイアンハート,,,HPが1より多い状態で初めて致命的なダメージを受けた際、代わりにHP1の状態で生き残る,
135,アクティブ,マーダーストライク,200,-3,敵2体に4倍のダメージ。戦闘中、敵を2体倒すと使用できる,
135,アクティブ,カースイーター,200,-2,カース状態の敵1体に4倍のダメージ,
135,アクティブ,カースブルー,150,-2,青属性の敵全体をカース状態にする,
135,アクティブ,2体攻撃,200,4,敵2体に0.75倍のダメージ,
135,パッシブ,アイアンハート,,,HPが1より多い状態で初めて致命的なダメージを受けた際、代わりにHP1の状態で生き残る,
136,アクティブ,俊敏性アップ,100,-1,自身のアクティブスキルのTUを20%減少させる,
136,アクティブ,クリティカルストライク,350,-3,敵全体に2.5倍のダメージ,HP50％以下で使用可能
136,アクティブ,バイタルブロー,230,-2,敵2体に1.75倍のダメージ,HP75％以上で使用できる
136,アクティブ,2体攻撃,200,4,敵2体に0.75倍のダメージ,
136,パッシブ,アイアンハート,,,HPが1より多い状態で初めて致命的なダメージを受けた際、代わりにHP1の状態で生き残る,
137,アクティブ,チャージインパクト,150,-1,敵1体に5倍のダメージ,チャージ状態のときに使用できる
137,アクティブ,強攻撃,300,-3,敵2体に1.75倍のダメージ,
137,アクティブ,リベンジブロー,180,-2,戦闘中に味方を倒した敵に3倍のダメージ,
137,アクティブ,ペインアタック,230,4,敵全体に0.75倍のダメージを与え、反動ダメージを受ける,
137,パッシブ,チャージアドバンス,,,戦闘に参加した時、チャージ状態になる,
138,アクティブ,俊敏性アップ,100,-1,自身のアクティブスキルのTUを20％減少させる,
138,アクティブ,クリティカルストライク,350,-3,敵全体に2.5倍のダメージ,HP50％以下で使用可能
138,アクティブ,サバイバルストライク,200,-2,敵1体に5倍のダメージ,戦闘に参加してから300TU以上経過後に使用できる
138,アクティブ,全体攻撃,250,5,敵全体に0.5倍のダメージ,
138,パッシブ,アイアンハート,,,HPが1より多い状態で初めて致命的なダメージを受けた際、代わりにHP1の状態で生き残る,
139,アクティブ,俊敏性アップ,100,-1,自身のアクティブスキルのTUを20%減少させる,
139,アクティブ,チャージインパクト,150,-1,敵1体に5倍のダメージ,チャージ状態のときに使用できる
139,アクティブ,チャージ,150,-1,チャージ状態になる,
139,アクティブ,2体攻撃,200,4,敵2体に0.75倍のダメージ,
139,パッシブ,ポイズンリベンジ,,,このユニットを倒した敵1体をポイズン状態にする,
140,アクティブ,マーダーストライク,200,-3,敵2体に4倍のダメージ。戦闘中、敵を2体倒すと使用できる,
140,アクティブ,レイジストライク,130,-1,敵1体に2倍のダメージ,レイジ状態の時に使用できる
140,アクティブ,憤怒（レイジ）,100,0,レイジ状態になる,
140,アクティブ,2体攻撃,200,4,敵2体に0.75倍のダメージ,
140,パッシブ,オートレイジ,,,戦闘に参加した時、レイジ状態になる,
141,アクティブ,レイジストライク,250,-2,敵2体に3倍のダメージ,レイジ状態の時に使用できる
141,アクティブ,憤怒（レイジ）,100,0,レイジ状態になる,
141,アクティブ,ライフフリップ,130,-2,現在のHPと失ったHPを交換する。各戦闘で1回のみ使用できる,
141,アクティブ,ペインアタック,130,2,敵1体に1.25倍のダメージを与え、反動ダメージを受ける,
141,パッシブ,オートレイジ,,,戦闘に参加した時、レイジ状態になる,
142,アクティブ,チャージインパクト,150,-1,敵1体に5倍のダメージ,チャージ状態のときに使用できる
142,アクティブ,チャージ,150,-1,チャージ状態になる,すでにチャージ状態の時には使用できない
142,アクティブ,ペインアタック,180,3,敵2体に1倍のダメージを与え、反動ダメージを受ける,
142,アクティブ,全体攻撃,250,5,敵全体に0.5倍のダメージ,
142,パッシブ,アイアンハート,,,HPが1より多い状態で初めて致命的なダメージを受けた際、代わりにHP1の状態で生き残る,
143,アクティブ,ドリームイーター,300,-2,スリープ状態の敵1体に6倍のダメージ,
143,アクティブ,マーダーストライク,150,-2,敵1体に5倍のダメージ。戦闘中、敵を2体倒すと使用できる,
143,アクティブ,強攻撃,250,-2,敵1体に2.5倍のダメージ,
143,アクティブ,攻撃,150,3,敵1体に1倍のダメージ,
143,パッシブ,オートMP+2,,,戦闘に参加した時、2MPを得る,
